,id,size,brand,size_standard,gender,material,color,category,subcategory,name,description,picture_1,picture_2,picture_3,country,net_price,currency_code
56,62938f2f894e6800124ac993,2XL,Armani Collezioni,UK,Male,Cotton,Navy,Jackets,Casual jackets,Armani jeans zipper ,Armani jeans zipper retro XXL navy blue slim fit ,https://s3.eu-west-1.amazonaws.com/assets.dev.cartediem.org/diem/2ee1b7d5-1593-49f5-872c-40b076b83376.jpg,https://s3.eu-west-1.amazonaws.com/assets.dev.cartediem.org/diem/0b2f56dc-ed34-45db-84bb-59b3fca26cae.jpg,https://s3.eu-west-1.amazonaws.com/assets.dev.cartediem.org/diem/be83c215-e5d3-4ec3-ba18-b4b1f7aa93cb.jpg,UK,17.85,GBP
59,62960963c262bb0012d372d9,M,Kenzo,UK,Male,Cotton,Black,Sweaters and knitwear,Crew neck jumpers,Kenzo sweatshirt ,this is an authentic kenzo sweatshirt. ,https://s3.eu-west-1.amazonaws.com/assets.dev.cartediem.org/diem/9d1c2dec-cc97-48c7-87a5-a0ae15c6245c.jpg,https://s3.eu-west-1.amazonaws.com/assets.dev.cartediem.org/diem/f881e5be-5cdd-49f6-8a37-80340570c932.jpg,https://s3.eu-west-1.amazonaws.com/assets.dev.cartediem.org/diem/7aff1400-0278-402b-af3a-d0c1d1f3fc41.jpg,UK,44.84,GBP
60,6297987fda572c0013049f8b,32,Balmain,UK,Male,Denim - Jeans,Blue,Jeans,Skinny jeans,"Men's balmain jeans, washed and distressed","Men's balmain jeans, washed and
distressed, skinny fit, good condition, worn 2-3 times.
",https://s3.eu-west-1.amazonaws.com/assets.dev.cartediem.org/diem/8d071079-00f0-42e1-8a86-eeaac98e45ae.jpg,https://s3.eu-west-1.amazonaws.com/assets.dev.cartediem.org/diem/5502fd9c-3626-4c5c-8745-3bab6de62725.jpg,https://s3.eu-west-1.amazonaws.com/assets.dev.cartediem.org/diem/d11e8009-6c41-4953-8ccb-a2582e272b4e.jpg,UK,121.73,GBP
66,629a1149887d490012f370e0,M,Guess,UK,Male,Cotton,Black,T-shirts,Short sleeve t-shirts,Black Guess t shirt,Black/red guess t shirt / size M,https://s3.eu-west-1.amazonaws.com/assets.dev.cartediem.org/diem/576a33ea-8fda-4318-8b8c-05f71eb8d3a4.jpg,https://s3.eu-west-1.amazonaws.com/assets.dev.cartediem.org/diem/ea7f5c9d-47a4-473c-a1bc-61a70e995176.jpg,https://s3.eu-west-1.amazonaws.com/assets.dev.cartediem.org/diem/1415f60b-d968-427a-927c-e7dc956fd867.jpg,UK,3.99,GBP
69,62a10468b692c10013e0e74e,L,Comme Des Garcons,UK,Male,Cotton,Black,T-shirts,Short sleeve t-shirts,CDG T SHIRT RED HART / Black Tee,"Worn 2-3 times / Black,red T shirt ",https://s3.eu-west-1.amazonaws.com/assets.dev.cartediem.org/diem/3765a98a-bdf8-4ec4-a26a-fb4aaafb7978.jpg,https://s3.eu-west-1.amazonaws.com/assets.dev.cartediem.org/diem/3c51c459-e5fa-4d8f-90cc-ea05d47d7890.jpg,https://s3.eu-west-1.amazonaws.com/assets.dev.cartediem.org/diem/79342cf4-c70e-4353-a1dc-98983a287626.jpg,UK,19.79,GBP
78,62a4bc5d4a00120013dd69f7,S,Armani Jeans,UK,Male,Cotton,Black,T-shirts,Polo shirts,armani jeans full sleeve polo top,"this item is in perfect condition with no faults whatsoever, bought last year  and only worn a couple of times as it is small on me.",https://s3.eu-west-1.amazonaws.com/assets.dev.cartediem.org/diem/42bfdcd7-4c6c-4a86-bbbd-36b05f313a95.jpg,https://s3.eu-west-1.amazonaws.com/assets.dev.cartediem.org/diem/675f0ad7-0b65-4b7d-8b91-809208137c13.jpg,https://s3.eu-west-1.amazonaws.com/assets.dev.cartediem.org/diem/b9790529-b854-4715-a884-218430ac0d7c.jpg,UK,14.12,GBP
80,62a8247590d0ce0012cbf107,M,Off-White,UK,Male,Cotton,Black,Sweaters and knitwear,Crew neck jumpers,Off-White Knitted Jumper,"Black and Yellow Knitted Jumper
2 months old
RRP£460
",https://s3.eu-west-1.amazonaws.com/assets.dev.cartediem.org/diem/1007f9e9-0140-42cc-9bab-302a78a4749f.jpg,https://s3.eu-west-1.amazonaws.com/assets.dev.cartediem.org/diem/70978738-0d4f-44bc-8af5-fd549ddc1c36.jpg,https://s3.eu-west-1.amazonaws.com/assets.dev.cartediem.org/diem/e8092b04-cc00-48a6-9e54-aa524ce12173.jpg,UK,121.87,GBP
81,62a88a5d90d0ce0012cc02cf,S,Levi's,UK,Female,Denim - Jeans,Blue,Jeans,Jeans,Levi’s jeans ,Levi’s 510 skinny jeans in light blue ,https://s3.eu-west-1.amazonaws.com/assets.dev.cartediem.org/diem/adf33276-341e-478a-bf6b-f74c6ea6c6c1.jpg,https://s3.eu-west-1.amazonaws.com/assets.dev.cartediem.org/diem/955f494c-c6da-45bd-a8be-822a2cd0840e.jpg,https://s3.eu-west-1.amazonaws.com/assets.dev.cartediem.org/diem/ef2ceed4-dca2-4d81-ac8a-0b590f8ec95e.jpg,UK,9.0,GBP
90,62ab98fea30fcb001283af46,XL,Boss by Hugo Boss,EU,Male,Wool,Grey,Sweaters and knitwear,Crew neck jumpers,Boss by Hugo boss jumper grey/dark grey,Boss by Hugo Boss Jumper XL grey/dark grey,https://s3.eu-west-1.amazonaws.com/assets.dev.cartediem.org/diem/c67791ef-6ad5-4cd2-b77c-27e6b07b04c4.jpg,https://s3.eu-west-1.amazonaws.com/assets.dev.cartediem.org/diem/ce4d333c-136c-4ad9-9cb5-58f7f50dccdd.jpg,https://s3.eu-west-1.amazonaws.com/assets.dev.cartediem.org/diem/b6fdaa85-27c0-4ce2-b5e8-babab484c5bc.jpg,UK,5.87,GBP
93,62aba1cba30fcb001283b08f,L,Reiss,UK,Male,Mixed Fabric,Beige,Sweaters and knitwear,Crew neck jumpers,Mens Reiss Crew Neck Jumper,Mens Reiss Crew Neck Jumper Wensley L Beige,https://s3.eu-west-1.amazonaws.com/assets.dev.cartediem.org/diem/e1645f4a-712f-457a-b2bf-94d5cd328a78.jpg,https://s3.eu-west-1.amazonaws.com/assets.dev.cartediem.org/diem/095ab8e4-9204-4197-b79a-4e8afd099dab.jpg,https://s3.eu-west-1.amazonaws.com/assets.dev.cartediem.org/diem/0da9427e-7e0f-454a-9365-0d30ac6c3f5d.jpg,UK,9.13,GBP
101,62af445855e7cd0013d290d1,S,The North Face,UK,Female,Polyester,Black,Jackets,Casual jackets,The north face. Zipped jacket,"Warm and fluffy, super comfortable zipped jacket",https://s3.eu-west-1.amazonaws.com/assets.dev.cartediem.org/diem/26a22db8-bf3d-48e7-a652-c3b9501d1fd3.jpg,https://s3.eu-west-1.amazonaws.com/assets.dev.cartediem.org/diem/bcdb2da1-4df6-402e-96c4-e7c2b25428ba.jpg,https://s3.eu-west-1.amazonaws.com/assets.dev.cartediem.org/diem/5f6c90dc-ba11-4b77-90fd-65128426c592.jpg,UK,11.25,GBP
107,62af612155e7cd0013d29664,L,Adidas Originals,EU,Male,Polyester,Blue,Sweaters and knitwear,Zipped sweaters,Quarter zip ,Loyola Marymount Lions jacket. Warm ,https://s3.eu-west-1.amazonaws.com/assets.dev.cartediem.org/diem/844b6cfe-4b54-4e31-957e-0507cd643374.jpg,https://s3.eu-west-1.amazonaws.com/assets.dev.cartediem.org/diem/f8c0bfef-aae0-409b-92af-4f8da07fae85.jpg,https://s3.eu-west-1.amazonaws.com/assets.dev.cartediem.org/diem/83e7899c-151e-486f-bed4-c30a6b6b7fb2.jpg,UK,12.67,GBP
113,62af62eb55e7cd0013d296b9,L,Adidas Originals,EU,Male,Polyester,Red,Sweaters and knitwear,Zipped sweaters,Boston eagles ,"NFL jumper. Quarter zip, fluffy ",https://s3.eu-west-1.amazonaws.com/assets.dev.cartediem.org/diem/d530b30b-ccc3-48fc-8311-e54c4e88a21d.jpg,https://s3.eu-west-1.amazonaws.com/assets.dev.cartediem.org/diem/24a87c70-8a7c-4d86-a232-00cd730cfa46.jpg,https://s3.eu-west-1.amazonaws.com/assets.dev.cartediem.org/diem/f2534a90-0cc0-4951-9ef0-b73a35f53b89.jpg,UK,12.67,GBP
119,62b060bcaf682a00132ee5e9,L,A Bathing Ape,UK,Male,Cotton,Green,Hoodies,Hoodies,Mens Bape Hoodie,"Bought from Selfridges 
Selling due to not wearing anymore
Really good condition as worn hand full of times
",https://s3.eu-west-1.amazonaws.com/assets.dev.cartediem.org/diem/cd5c1546-6ec1-4711-b4ae-2b6da7dedd70.jpg,https://s3.eu-west-1.amazonaws.com/assets.dev.cartediem.org/diem/d8038eb4-f82f-499e-bba6-98ba5b2b7f12.jpg,https://s3.eu-west-1.amazonaws.com/assets.dev.cartediem.org/diem/e065aede-4ce9-487d-9042-5027faec0d9e.jpg,UK,148.3,GBP
120,62b0d79aaf682a00132ef977,S,The North Face,UK,Male,Mixed Fabric,Black,Coats,Short coats,The north face coat,"Shell coat very good condition
",https://s3.eu-west-1.amazonaws.com/assets.dev.cartediem.org/diem/a1b613e2-ef24-4ac7-9c3f-c76d8ffc24a6.jpg,https://s3.eu-west-1.amazonaws.com/assets.dev.cartediem.org/diem/de6cbb0a-5c35-48af-a67c-e77ef6b8d3d2.jpg,https://s3.eu-west-1.amazonaws.com/assets.dev.cartediem.org/diem/423a046d-3caa-4299-880b-9c1aa1282901.jpg,UK,16.89,GBP
123,62b0de7caf682a00132efa91,XS,Champion,EU,Male,Cotton,Grey,Sweatshirts,Sweatshirts,Champion shirt ,Shirt is very good not worn once ,https://s3.eu-west-1.amazonaws.com/assets.dev.cartediem.org/diem/fc729a0f-43f1-4997-8697-82dee19df38a.jpg,https://s3.eu-west-1.amazonaws.com/assets.dev.cartediem.org/diem/11ba964b-73fa-40a1-a6dd-e5d76bb3e53b.jpg,https://s3.eu-west-1.amazonaws.com/assets.dev.cartediem.org/diem/39cf45ab-796d-4168-9668-88a241474d8f.jpg,UK,10.05,GBP
126,62b0ee15af682a00132efd29,M,Ralph Lauren,UK,Male,Cotton,Black,Sweaters and knitwear,V-neck jumpers,Ralph Lauren shirt ,Polo Ralph Lauren shirt looks very nice and good quality ,https://s3.eu-west-1.amazonaws.com/assets.dev.cartediem.org/diem/ce257c69-6570-4c89-a459-dc112f7f83ef.jpg,https://s3.eu-west-1.amazonaws.com/assets.dev.cartediem.org/diem/1d0747f4-fa69-4466-a0c5-4d6f75bfb072.jpg,https://s3.eu-west-1.amazonaws.com/assets.dev.cartediem.org/diem/339df9e1-28cf-4b5b-93d0-5b822817c7e2.jpg,UK,9.15,GBP
132,62b41faaaf682a00132f580f,S,Versace Jeans,UK,Male,Cotton,Black,Hoodies,Hoodies,Versace Jeans Hoodie ,"Hoodie from Versace jeans worn a couple times great condition no damage or 

",https://s3.eu-west-1.amazonaws.com/assets.dev.cartediem.org/diem/cee153b2-4156-463c-aa56-cfaffde50690.jpg,https://s3.eu-west-1.amazonaws.com/assets.dev.cartediem.org/diem/c910d835-47b5-4cdb-9722-4466bbf70063.jpg,https://s3.eu-west-1.amazonaws.com/assets.dev.cartediem.org/diem/db5747bd-3989-47c1-9c59-cfa21a1457de.jpg,UK,74.97,GBP
133,62b475f9af682a00132f6758,XS,Reebok,UK,Female,Cotton,Cream,Knitwear,Jumpers,Cream logo spell out reebok womens jumper ,Reebok cotton logo jumper xs with union jag flag embroidery ,https://s3.eu-west-1.amazonaws.com/assets.dev.cartediem.org/diem/bdfd0f12-69b2-4194-a819-031e4f1b37b2.jpg,https://s3.eu-west-1.amazonaws.com/assets.dev.cartediem.org/diem/3630ebfd-d7e2-40b8-884e-95d9108e7bea.jpg,https://s3.eu-west-1.amazonaws.com/assets.dev.cartediem.org/diem/775bc1fa-1fa5-4fbe-b828-e215f401a89a.jpg,UK,9.0,GBP
136,62b4fe00af682a00132f7b05,8,Burberry Brit,UK,Female,Other - write in description,Black,Coats,Raincoats and trench coats,Burberry trench coat black,"Burberry trench coat
Good condition",https://s3.eu-west-1.amazonaws.com/assets.dev.cartediem.org/diem/cc4daf0c-b596-45e6-8f00-9af0a91414eb.jpg,https://s3.eu-west-1.amazonaws.com/assets.dev.cartediem.org/diem/b07a6b46-267e-4067-96b3-3ecc6e4cc6a3.jpg,https://s3.eu-west-1.amazonaws.com/assets.dev.cartediem.org/diem/ca1ddea7-964f-43f7-b015-dd699f406c3b.jpg,UK,47.69,GBP
138,62b59c3b29ac9d00135ff8b3,3XL,Philipp Plein,UK,Male,Cotton,Black,T-shirts,Short sleeve t-shirts,Philipp Plein mens black T-shirt,Worn once Philipp Plein T-shirt very good condition. The T-shirt comes up very small so a triple XL is roughly a large or XL,https://s3.eu-west-1.amazonaws.com/assets.dev.cartediem.org/diem/ef5adc44-f76e-4f82-be3d-7ee6b82c72fd.jpg,https://s3.eu-west-1.amazonaws.com/assets.dev.cartediem.org/diem/3bbb9fff-a9d8-435f-9778-aedcbc932dc6.jpg,https://s3.eu-west-1.amazonaws.com/assets.dev.cartediem.org/diem/36b223a3-d8bb-4c81-a5c1-91df666ef723.jpg,UK,55.23,GBP
139,62b5d6e39e805300125fa00b,S,Lacoste,US,Male,Cotton,Grey,Sweatshirts,Sweatshirts,Lacoste sweatshirt ,"In new condition barely worn, no problems. Mens size small. ",https://s3.eu-west-1.amazonaws.com/assets.dev.cartediem.org/diem/804653f9-2f7e-43ba-8481-3183622db760.jpg,https://s3.eu-west-1.amazonaws.com/assets.dev.cartediem.org/diem/b58d2e9f-f30e-42a8-81bc-a9157bd47289.jpg,https://s3.eu-west-1.amazonaws.com/assets.dev.cartediem.org/diem/96bdca96-9e87-4eb5-a1b2-28eb40856c4e.jpg,UK,12.71,GBP
142,62b5d922f324800013c52d6b,XL,The North Face,UK,Male,Mixed Fabric,Grey,Hoodies,Hoodies,North face hoodie ,"Not worn much, in new condition XL juniors/ S mens. ",https://s3.eu-west-1.amazonaws.com/assets.dev.cartediem.org/diem/624dbd9d-01cc-441b-a8bd-d2cd7fd9682a.jpg,https://s3.eu-west-1.amazonaws.com/assets.dev.cartediem.org/diem/b880d9e9-ff5f-43b4-bf3a-98ca686807e4.jpg,https://s3.eu-west-1.amazonaws.com/assets.dev.cartediem.org/diem/bbaa107d-b7e0-4011-a0ab-64f3a1d509c5.jpg,UK,6.55,GBP
145,62b6dd6d31dcff00126e88e4,M,Emporio Armani,EU,Male,Cotton,Multicolour,Trousers,Formal trousers,Emporio Armani suit trousers ,EU size 42 suit trousers. Great condition ,https://s3.eu-west-1.amazonaws.com/assets.dev.cartediem.org/diem/62beb9c2-f7fd-492b-b08c-e5d329e8f1b5.jpg,https://s3.eu-west-1.amazonaws.com/assets.dev.cartediem.org/diem/8c461267-c526-467d-bd51-b0374e775dbb.jpg,https://s3.eu-west-1.amazonaws.com/assets.dev.cartediem.org/diem/517b5f0a-11a0-4d74-b3fe-a38fee22f021.jpg,UK,7.71,GBP
151,62b6e6e931dcff00126e8f16,S,Adidas,EU,Male,Polyester,Blue,Jackets,Activewear jackets,Adidas activewear jumper,"Mens adidas small jumper, my favourite activewear jumper ",https://s3.eu-west-1.amazonaws.com/assets.dev.cartediem.org/diem/75553ad6-b6e6-47b8-a438-ab394dde04a2.jpg,https://s3.eu-west-1.amazonaws.com/assets.dev.cartediem.org/diem/7911fc56-4e04-40d1-943e-4e9f7ddfc70b.jpg,https://s3.eu-west-1.amazonaws.com/assets.dev.cartediem.org/diem/4b19ac08-b760-4a3b-aee4-aa1c6201b1f4.jpg,UK,3.99,GBP
157,62b73c7231dcff00126e9b80,M,Off-White,UK,Male,Cotton,Grey,Sweatshirts,Sweatshirts,Off White Grey Crew Neck ,"Good Condition , No Marks, Fits True To Size ",https://s3.eu-west-1.amazonaws.com/assets.dev.cartediem.org/diem/3d4a6d3e-2068-4415-abed-5896bf164b9a.jpg,https://s3.eu-west-1.amazonaws.com/assets.dev.cartediem.org/diem/f1a80550-688e-4f38-ac6c-78c6f980823b.jpg,https://s3.eu-west-1.amazonaws.com/assets.dev.cartediem.org/diem/1681d2bc-97a2-49b8-a269-03f0c396a3c0.jpg,UK,121.0,GBP
158,62b865b170bc3a0012b1e5ab,M,Off-White,EU,Female,Cotton,Navy,Hoodies,Hoodies,"""Staff"" hoodie",Off white hoodie navy blue size m,https://s3.eu-west-1.amazonaws.com/assets.dev.cartediem.org/diem/8fc51259-68ab-40b7-bd8e-bfe174284244.jpg,https://s3.eu-west-1.amazonaws.com/assets.dev.cartediem.org/diem/96b8e71e-17fe-454d-8403-5d848a940de9.jpg,https://s3.eu-west-1.amazonaws.com/assets.dev.cartediem.org/diem/67717c31-b78d-49a1-a3bb-c1a3575dfbf9.jpg,UK,115.24,GBP
161,62b867f070bc3a0012b1e5fa,M,Off-White,EU,Female,Cotton,Navy,Hoodies,Hoodies,Off white hoodie,Navy size m off white womens hoodie,https://s3.eu-west-1.amazonaws.com/assets.dev.cartediem.org/diem/5e3a5700-5a92-44da-9acd-13b74950fe39.jpg,https://s3.eu-west-1.amazonaws.com/assets.dev.cartediem.org/diem/aed0c929-bea5-41fc-a8ad-9f1846331ed4.jpg,https://s3.eu-west-1.amazonaws.com/assets.dev.cartediem.org/diem/4d507313-376e-43c0-8af9-7b7328c6711f.jpg,UK,115.24,GBP
164,62b8691470bc3a0012b1e627,M,Off-White,EU,Female,Cotton,Navy,Hoodies,Hoodies,Off white hoodie,Off white hoodie colour navy size m ,https://s3.eu-west-1.amazonaws.com/assets.dev.cartediem.org/diem/68a2561b-c0c7-4bf3-8837-2971964fd34a.jpg,https://s3.eu-west-1.amazonaws.com/assets.dev.cartediem.org/diem/8be67a4d-fd96-4434-91cd-8b86c4533db5.jpg,https://s3.eu-west-1.amazonaws.com/assets.dev.cartediem.org/diem/56635477-0fb8-424a-beb0-6f9010dbbc52.jpg,UK,115.24,GBP
167,62b9b0aad23e950013c4322e,Write in description,Levi's Vintage Clothing,Other,Female,Denim - Jeans,Grey,Jeans,Straight-leg jeans,Grey wash jeans ,"Levi 501, 31/32, perfect condition ",https://s3.eu-west-1.amazonaws.com/assets.dev.cartediem.org/diem/fe3583b0-b4a1-41e4-8895-68ee0e23658e.jpg,https://s3.eu-west-1.amazonaws.com/assets.dev.cartediem.org/diem/938219dd-501e-40c1-b946-7d1197e7719c.jpg,https://s3.eu-west-1.amazonaws.com/assets.dev.cartediem.org/diem/4f1bdd52-7c50-41e5-8d38-e888a84d68a3.jpg,UK,19.49,GBP
179,62bad31833dd9b0017839e10,XS,Vivienne Westwood Anglomania,UK,Male,Cotton,White,T-shirts,Short sleeve t-shirts,Mens Vivienne Westwood T-Shirt,"Mens boxy styled t-shirt
White
",https://s3.eu-west-1.amazonaws.com/assets.dev.cartediem.org/diem/36717384-56c5-4b0d-b076-fd494fdea94d.jpg,https://s3.eu-west-1.amazonaws.com/assets.dev.cartediem.org/diem/8e96de9d-b367-4735-a305-2d0ade2d1dd4.jpg,https://s3.eu-west-1.amazonaws.com/assets.dev.cartediem.org/diem/ba8cbc8f-df82-45f9-8f0d-1003e9dfdb78.jpg,UK,25.22,GBP
180,62bb0a4033dd9b001783aa36,M,Adidas,UK,Male,Polyester,Red,Activewear,Jogging bottoms,addidas bottoms ,Red addidas jogging bottoms zip leg,https://s3.eu-west-1.amazonaws.com/assets.dev.cartediem.org/diem/f7781f89-b714-4ed7-8b85-82783c5d5c1c.jpg,https://s3.eu-west-1.amazonaws.com/assets.dev.cartediem.org/diem/6536675e-2b1f-4c99-bfdf-40cccbdeab36.jpg,https://s3.eu-west-1.amazonaws.com/assets.dev.cartediem.org/diem/f5658992-5fa1-4826-a8c2-21fd8b9ebd1e.jpg,UK,5.92,GBP
186,62bb408433dd9b001783b5dd,XL,Polo Ralph Lauren,UK,Female,Cotton,Brown,Coats,Short coats,Ralph Lauren Jacket,"Brown jacket, 4 pockets and waist detail",https://s3.eu-west-1.amazonaws.com/assets.dev.cartediem.org/diem/05290713-88cf-4e4f-8b97-68e26eee228e.jpg,https://s3.eu-west-1.amazonaws.com/assets.dev.cartediem.org/diem/c35757ad-212d-41f5-be31-3e6c953ad48d.jpg,https://s3.eu-west-1.amazonaws.com/assets.dev.cartediem.org/diem/5c68cc62-982d-4752-b737-e9b2289b624b.jpg,UK,30.78,GBP
187,62bb449233dd9b001783b794,W27,Reiss,EU,Female,Mixed Fabric,Green,Trousers,Skinny trousers,Womens Reiss trousers,Womens Reiss skinny trousers in khaki green colour. Perfect condition. Machine washable.,https://s3.eu-west-1.amazonaws.com/assets.dev.cartediem.org/diem/d57e05b6-61e1-4924-846c-713993d3e9fd.jpg,https://s3.eu-west-1.amazonaws.com/assets.dev.cartediem.org/diem/33e3e43d-0ba8-4d6f-93b1-2dd8a197d75e.jpg,https://s3.eu-west-1.amazonaws.com/assets.dev.cartediem.org/diem/1dd7b075-0990-4738-991f-41a1f0f27c96.jpg,UK,12.63,GBP
190,62bb459733dd9b001783b7d7,W27,Reiss,EU,Female,Mixed Fabric,Black,Jeans,Skinny jeans,Womens Reiss skinny jeans ,Womens Reiss skinny black jeans. Perfect condition and machine washable. ,https://s3.eu-west-1.amazonaws.com/assets.dev.cartediem.org/diem/45f27b23-5383-45be-8d12-b3f4fdf36548.jpg,https://s3.eu-west-1.amazonaws.com/assets.dev.cartediem.org/diem/3a7782c2-a269-42a2-a11c-94332cfe4832.jpg,https://s3.eu-west-1.amazonaws.com/assets.dev.cartediem.org/diem/141a0daf-a39c-4f66-9994-4f8dbe0cdc38.jpg,UK,8.3,GBP
193,62bb4a7333dd9b001783b8ea,M,Ralph Lauren,UK,Male,Cotton,Red,Sweaters and knitwear,Zipped sweaters,Ralph Lauren Quarterzip ,Red Ralph Lauren Quarterzip from urban outfitters. Never been worn. Label still in ,https://s3.eu-west-1.amazonaws.com/assets.dev.cartediem.org/diem/c4728ed0-07ed-4bc2-a8e9-7de6a528033d.jpg,https://s3.eu-west-1.amazonaws.com/assets.dev.cartediem.org/diem/6ffba8ba-0d11-41cf-9a81-5ba1cb3d0b07.jpg,https://s3.eu-west-1.amazonaws.com/assets.dev.cartediem.org/diem/456184be-2fe3-4ef2-a15d-8be35a4f93b2.jpg,UK,12.15,GBP
196,62bb4fa433dd9b001783ba49,S,Levi's,UK,Male,Cotton,Black,Hoodies,Hoodies,Black Levi Hoody ,"Black Levi Hoody, size is small and is in good condition ",https://s3.eu-west-1.amazonaws.com/assets.dev.cartediem.org/diem/9a0ecd4a-dc0a-440e-8960-2c803ee137ba.jpg,https://s3.eu-west-1.amazonaws.com/assets.dev.cartediem.org/diem/35b49a16-f0fd-4d7f-820b-8734815b5c5c.jpg,https://s3.eu-west-1.amazonaws.com/assets.dev.cartediem.org/diem/985919b1-98cd-4847-8730-ae5e655d0597.jpg,UK,6.13,GBP
199,62bb52bb33dd9b001783baf8,L,Levi's,UK,Male,Denim - Jeans,Blue,Jeans,Straight-leg jeans,Levi Jeans ,Men light blue Levi jeans. Excellent Condition. W34 L32,https://s3.eu-west-1.amazonaws.com/assets.dev.cartediem.org/diem/411d25f4-0342-46e7-82f4-9d43afaf26bb.jpg,https://s3.eu-west-1.amazonaws.com/assets.dev.cartediem.org/diem/19531f3d-9f40-4d41-8eaf-2caafb034672.jpg,https://s3.eu-west-1.amazonaws.com/assets.dev.cartediem.org/diem/5c72283c-2476-433c-860a-61c70e0e0a91.jpg,UK,12.33,GBP
202,62bc55cd7b393b001207d7b3,XL,Napapijri,UK,Male,Mixed Fabric,Grey,Coats,Raincoats and trench coats,Napajiri raincoat,"Thick raincoat normal rrp: 120
",https://s3.eu-west-1.amazonaws.com/assets.dev.cartediem.org/diem/de13437f-7b55-429b-b994-a36d6747924e.jpg,https://s3.eu-west-1.amazonaws.com/assets.dev.cartediem.org/diem/9d4b11d8-41af-412b-955e-5fa4efd383ab.jpg,https://s3.eu-west-1.amazonaws.com/assets.dev.cartediem.org/diem/998afed3-5cb5-44b5-b22e-6659076361eb.jpg,UK,43.89,GBP
203,62bc62157b393b001207da75,10,Moschino Love,UK,Female,Cotton - elasthane,Black,Dresses,Casual and day dresses,love moschino daywear dress,"two gold heart rings black dress
",https://s3.eu-west-1.amazonaws.com/assets.dev.cartediem.org/diem/cff432c9-4da7-43cd-b8cf-6212f97a1994.jpg,https://s3.eu-west-1.amazonaws.com/assets.dev.cartediem.org/diem/f6d0b74f-349f-4937-af9e-ad8c8e28fc39.jpg,https://s3.eu-west-1.amazonaws.com/assets.dev.cartediem.org/diem/d17454c2-9a8c-485a-bb6f-337cab72b69e.jpg,UK,27.29,GBP
206,62bc67b87b393b001207dbcb,XL,Vivienne Westwood,UK,Male,Cotton,Black,T-shirts,Short sleeve t-shirts,Vivienne Westwood T Shirt,extra large vivienne westwood top in black,https://s3.eu-west-1.amazonaws.com/assets.dev.cartediem.org/diem/15aef244-c153-4c3a-bd03-f6a2f796908e.jpg,https://s3.eu-west-1.amazonaws.com/assets.dev.cartediem.org/diem/58b59d27-269f-4199-b6fb-c61f3ade119f.jpg,https://s3.eu-west-1.amazonaws.com/assets.dev.cartediem.org/diem/3c038bdb-4636-4190-98e4-c7aeb90c8b44.jpg,UK,12.67,GBP
209,62bc6ba57b393b001207dcb5,S,Champion,UK,Male,Cotton,Black,Sweatshirts,Sweatshirts,men’s champion hoodie in black ,men’s champion hoodie in black jersey style,https://s3.eu-west-1.amazonaws.com/assets.dev.cartediem.org/diem/942b4b08-cdd8-42a1-84e8-cd7caa7d7a94.jpg,https://s3.eu-west-1.amazonaws.com/assets.dev.cartediem.org/diem/cd91ae1a-2a68-4f2f-a5ae-cc329ee64009.jpg,https://s3.eu-west-1.amazonaws.com/assets.dev.cartediem.org/diem/ae31ddf5-21a4-43d6-8367-91df85874c5e.jpg,UK,10.05,GBP
212,62bc77e57b393b001207de7c,XL,Champion,US,Male,Mixed Fabric,Blue,Hoodies,Hoodies,Blue hoodie ,"Blue champion hoodie, cotton Polly blend ",https://s3.eu-west-1.amazonaws.com/assets.dev.cartediem.org/diem/78fd2586-64e1-4e33-bde3-f957fa3793a8.jpg,https://s3.eu-west-1.amazonaws.com/assets.dev.cartediem.org/diem/beb318bc-b496-4d79-9fc1-11b50565ebe2.jpg,https://s3.eu-west-1.amazonaws.com/assets.dev.cartediem.org/diem/dcbd5da2-da54-4c66-9647-9f7d3b3111de.jpg,UK,9.63,GBP
218,62bc78b67b393b001207de96,L,Champion,US,Male,Mixed Fabric,Blue,Hoodies,Hoodies,Hoodie ,"Champion hoodie, size L, cotton Polly blend ",https://s3.eu-west-1.amazonaws.com/assets.dev.cartediem.org/diem/9d031aea-d04b-4d43-b2da-bbfd71214328.jpg,https://s3.eu-west-1.amazonaws.com/assets.dev.cartediem.org/diem/5b6b627a-ecaa-4af6-86cf-0e9e99bbd525.jpg,https://s3.eu-west-1.amazonaws.com/assets.dev.cartediem.org/diem/0d637faf-b4ad-4053-903c-02e16123adcc.jpg,UK,9.63,GBP
224,62bc86d67b393b001207e23b,S,Emporio Armani,UK,Male,Cotton,White,Activewear,Activewear,Mens armani polo t shirt,Mens armani t shirt worn few times but too small for me now,https://s3.eu-west-1.amazonaws.com/assets.dev.cartediem.org/diem/293f9414-d726-4668-8d92-1eebba29814f.jpg,https://s3.eu-west-1.amazonaws.com/assets.dev.cartediem.org/diem/a3ff7e99-c8bc-430c-b3fa-b0a3a5728d49.jpg,https://s3.eu-west-1.amazonaws.com/assets.dev.cartediem.org/diem/3f1dc1e6-9399-41e8-9745-fb9c77a7c273.jpg,UK,12.19,GBP
227,62bc87e27b393b001207e26a,S,Emporio Armani,UK,Male,Cotton,Green,Activewear,Activewear,Armani ea7 t shirt,Mens t shirt worn a few times too small for me,https://s3.eu-west-1.amazonaws.com/assets.dev.cartediem.org/diem/41f96f24-c032-48f4-813c-b7ce8f134c6d.jpg,https://s3.eu-west-1.amazonaws.com/assets.dev.cartediem.org/diem/c08e4d13-22c4-469c-8d0c-856d38f50d18.jpg,https://s3.eu-west-1.amazonaws.com/assets.dev.cartediem.org/diem/3b326e63-7527-4e08-b618-3baccbbeb852.jpg,UK,12.19,GBP
230,62bc894e7b393b001207e2ae,S,Emporio Armani,UK,Male,Polyester,Green,Sweaters and knitwear,Crew neck jumpers,Armani,Mens top used few times too small for me,https://s3.eu-west-1.amazonaws.com/assets.dev.cartediem.org/diem/cd2a03e4-5f95-4c9c-8079-1751ac56faf6.jpg,https://s3.eu-west-1.amazonaws.com/assets.dev.cartediem.org/diem/c37c309b-c4fd-436f-9900-afcc4fa6beed.jpg,https://s3.eu-west-1.amazonaws.com/assets.dev.cartediem.org/diem/e188c458-548e-4ece-964f-2bb350c609ad.jpg,UK,19.17,GBP
233,62bca3107b393b001207e7f9,M,Alexander McQueen,UK,Female,Cotton,Black,Hoodies,Hoodies,Alexander Mcqueen hoodie,Cropped alexander mcqueen hoodie without drawstring in a size M,https://s3.eu-west-1.amazonaws.com/assets.dev.cartediem.org/diem/844e5b6b-8051-42a3-a1a8-4e3ec7cb4cb8.jpg,https://s3.eu-west-1.amazonaws.com/assets.dev.cartediem.org/diem/cf23ce9f-576d-4175-ae07-01f5f02a485d.jpg,https://s3.eu-west-1.amazonaws.com/assets.dev.cartediem.org/diem/447a9f98-2008-4d2d-b3c9-d2d03317067f.jpg,UK,42.25,GBP
234,62bd903f7b393b00120802f8,M,Polo Ralph Lauren,UK,Female,Cotton,Red,Tops,T-shirts,Ralph lauren polo t shirt red,"Red ralph lauren polo t shirt, good condition ",https://s3.eu-west-1.amazonaws.com/assets.dev.cartediem.org/diem/a4c0d664-f135-40d4-9d78-f5dbac025584.jpg,https://s3.eu-west-1.amazonaws.com/assets.dev.cartediem.org/diem/2b4788df-6f66-4a59-9d7f-cfda18f0d765.jpg,https://s3.eu-west-1.amazonaws.com/assets.dev.cartediem.org/diem/ac9ae1b9-d1b1-4f2b-be23-c359c4357cca.jpg,UK,4.1,GBP
237,62bd913b7b393b001208032a,M,Fila,UK,Female,Polyester,Navy,Coats,Raincoats and trench coats,"Navy fila raincoat, cuffed sleeves",Navy raincoat bought but never worn. Padded for extra warmth ,https://s3.eu-west-1.amazonaws.com/assets.dev.cartediem.org/diem/162f0495-39b4-4475-92a6-a50ff5c14063.jpg,https://s3.eu-west-1.amazonaws.com/assets.dev.cartediem.org/diem/75113cb0-f9e8-4fd8-825c-2c5523f3de7c.jpg,https://s3.eu-west-1.amazonaws.com/assets.dev.cartediem.org/diem/2ec4b9d1-521e-4437-bdb9-016d40c96cdb.jpg,UK,12.67,GBP
240,62bd940a7b393b00120803bc,S,Levi's,UK,Female,Cotton - elasthane,Blue,Jeans,Skinny jeans,Mile high skinny jeans,"Jeans are waist 27 which is similar to small
",https://s3.eu-west-1.amazonaws.com/assets.dev.cartediem.org/diem/cb12483c-1b4f-47f8-ae59-fd39f0b9cbd5.jpg,https://s3.eu-west-1.amazonaws.com/assets.dev.cartediem.org/diem/4b25c8b2-e5df-44ce-95c0-144ed8952d2e.jpg,https://s3.eu-west-1.amazonaws.com/assets.dev.cartediem.org/diem/281e9fb6-0388-42df-91e6-a8e06d6b9d0a.jpg,UK,9.22,GBP
243,62bdc4857bea1000148b91c7,XS,Moncler,UK,Male,Cotton,Red,T-shirts,Polo shirts,Moncler Polo Shirt ,"Good as new, hardly ever been worn. No stains or marks",https://s3.eu-west-1.amazonaws.com/assets.dev.cartediem.org/diem/77333c9b-3b91-4b39-a2b4-8015d30d381e.jpg,https://s3.eu-west-1.amazonaws.com/assets.dev.cartediem.org/diem/69add838-25e8-4dfc-8001-65f0fe9989dc.jpg,https://s3.eu-west-1.amazonaws.com/assets.dev.cartediem.org/diem/246cff82-d13d-436a-bc2f-9a304107381a.jpg,UK,30.0,GBP
249,62bdf84448024c0012f8be11,M,Kenzo,UK,Female,Cotton,Grey,Sweatshirts,Sweatshirts,Kenzo sweatshirt ,"Grey jumper with yellow and blue detailing 
",https://s3.eu-west-1.amazonaws.com/assets.dev.cartediem.org/diem/8ebdccce-f000-474f-bd94-7d9da1220bde.jpg,https://s3.eu-west-1.amazonaws.com/assets.dev.cartediem.org/diem/bc9bf2fd-0326-4def-bc5f-4657dcdaa481.jpg,https://s3.eu-west-1.amazonaws.com/assets.dev.cartediem.org/diem/47b636d8-4287-41ff-a62c-e42d6d427e1f.jpg,UK,37.44,GBP
252,62bdf91e48024c0012f8be5f,S,Calvin Klein,UK,Female,Cotton,White,Hoodies,Hoodies,Cropped hoodie ,Cropped white Calvin Klein hoodie with sleeve detailing ,https://s3.eu-west-1.amazonaws.com/assets.dev.cartediem.org/diem/a3bb9c47-9c87-4efe-b827-db2f79c024e9.jpg,https://s3.eu-west-1.amazonaws.com/assets.dev.cartediem.org/diem/f7c90d9f-110f-43c0-a73e-835ff2c78593.jpg,https://s3.eu-west-1.amazonaws.com/assets.dev.cartediem.org/diem/1b5ed75a-8e5c-4778-992e-bc38403dacca.jpg,UK,6.9,GBP
255,62bdf9de48024c0012f8be8c,M,Tommy Hilfiger,UK,Female,Cotton,Red,Sweatshirts,Sweatshirts,Tommy jeans jumper ,Tommy jeans jumper with chest logo ,https://s3.eu-west-1.amazonaws.com/assets.dev.cartediem.org/diem/9d643500-b74e-4830-8474-8ba770268c22.jpg,https://s3.eu-west-1.amazonaws.com/assets.dev.cartediem.org/diem/13c3bca3-8daa-41f7-97cf-63e49566d65e.jpg,https://s3.eu-west-1.amazonaws.com/assets.dev.cartediem.org/diem/6a079c25-d4c6-4ba5-b88b-6d4dcef1a545.jpg,UK,12.5,GBP
267,62bec1b241a5030012f3b90e,S,Comme des Garçons Play,UK,Male,Cotton,Black,Hoodies,Hoodies,mens mens comme des garcons hoody,"bought last month, only worn once so like new! ",https://s3.eu-west-1.amazonaws.com/assets.dev.cartediem.org/diem/afe4809c-7fe2-4322-946d-a851d73d66b5.jpg,https://s3.eu-west-1.amazonaws.com/assets.dev.cartediem.org/diem/014bc769-90a1-42a5-b7c1-6eb2c88246de.jpg,https://s3.eu-west-1.amazonaws.com/assets.dev.cartediem.org/diem/d89e712c-f911-4e4e-ace1-3793a67897bf.jpg,UK,106.14,GBP
272,62bf02a441a5030012f3c8c9,S,Vivienne Westwood Red Label,UK,Female,Viscose,Pink,Dresses,Dresses,Vivienne Westwood Red Label Dusky Pink Dress,A-Symmetric neckline mid length dress,https://s3.eu-west-1.amazonaws.com/assets.dev.cartediem.org/diem/599c24ed-ac7f-4345-abbb-19fec0b765e2.jpg,https://s3.eu-west-1.amazonaws.com/assets.dev.cartediem.org/diem/6695693b-8d10-4869-a896-520a99519f12.jpg,https://s3.eu-west-1.amazonaws.com/assets.dev.cartediem.org/diem/acf75dac-a3ee-4871-8d21-05730fbdbca8.jpg,UK,71.65,GBP
273,62bf0fbe41a5030012f3cbc1,L,Burberry Brit,UK,Male,Cotton,Black,Hoodies,Hoodies,Billionaire boys club horsepower arch logo sweatshirt in black,"Fits true to size, comfortable, worn a few times, good condition ",https://s3.eu-west-1.amazonaws.com/assets.dev.cartediem.org/diem/443c87f5-0efc-434f-b361-a4bc32d4e3fe.jpg,https://s3.eu-west-1.amazonaws.com/assets.dev.cartediem.org/diem/a5e36776-483e-41c3-aed8-b45cf56b93d9.jpg,https://s3.eu-west-1.amazonaws.com/assets.dev.cartediem.org/diem/5f2e797b-2556-455f-8d79-f162ebe986f3.jpg,UK,34.93,GBP
283,62c02c5402e6b100131b896d,M,Champion,US,Male,Mixed Fabric,Navy,Hoodies,Hoodies,Navy champion hoodie ,"Navy champion hoodie mens US M
",https://s3.eu-west-1.amazonaws.com/assets.dev.cartediem.org/diem/4da635c9-3aa9-4bfc-b3b4-050316005233.jpg,https://s3.eu-west-1.amazonaws.com/assets.dev.cartediem.org/diem/9de98764-3ae8-4267-97a7-7fa7fa4fb838.jpg,https://s3.eu-west-1.amazonaws.com/assets.dev.cartediem.org/diem/eea197bc-d47d-4db6-a9a5-841f058789fd.jpg,UK,9.63,GBP
289,62c02d4302e6b100131b8994,2XL,Champion,US,Male,Mixed Fabric,Khaki,Hoodies,Hoodies,Hoodie zip up ,"Champion green hoodie, zip up cotton poly blend ",https://s3.eu-west-1.amazonaws.com/assets.dev.cartediem.org/diem/68bf056a-dd04-4c84-9d08-cf1b67f31bfc.jpg,https://s3.eu-west-1.amazonaws.com/assets.dev.cartediem.org/diem/a5036a74-2c22-483a-9210-89011575521d.jpg,https://s3.eu-west-1.amazonaws.com/assets.dev.cartediem.org/diem/80ddbc24-a396-4a65-bf87-6ba0974ea9d1.jpg,UK,9.63,GBP
295,62c0402402e6b100131b8d80,M,Lacoste,US,Male,Cotton,Grey,Sweatshirts,Sweatshirts,Men grey Lacoste jumper,"Size medium men grey lacoste jumper. Good condition 
",https://s3.eu-west-1.amazonaws.com/assets.dev.cartediem.org/diem/44481f3a-d8a7-4c54-96f6-6c786da22a5c.jpg,https://s3.eu-west-1.amazonaws.com/assets.dev.cartediem.org/diem/848fe3f0-09bc-4f2b-85f3-7e5e2d5e8fec.jpg,https://s3.eu-west-1.amazonaws.com/assets.dev.cartediem.org/diem/4aa7fe2f-302f-4441-9462-c3ed4a0ef088.jpg,UK,12.71,GBP
298,62c041b602e6b100131b8ddb,S,Adidas,UK,Male,Cotton,Grey,Sweatshirts,Sweatshirts,Adidas ,Adidas grey jumpers. Mens size small in good condition ,https://s3.eu-west-1.amazonaws.com/assets.dev.cartediem.org/diem/4f1e32ad-8052-405c-a9f1-aada9f077996.jpg,https://s3.eu-west-1.amazonaws.com/assets.dev.cartediem.org/diem/ff603e09-2341-4182-950d-8caacb20bf51.jpg,https://s3.eu-west-1.amazonaws.com/assets.dev.cartediem.org/diem/66244a21-9e22-4acf-86df-3d65f65460e6.jpg,UK,11.1,GBP
301,62c0432402e6b100131b8e36,M,Adidas,UK,Male,Polyester,Black,Jackets,Activewear jackets,Adidas jacket,Adidas original jacket mens size medium ,https://s3.eu-west-1.amazonaws.com/assets.dev.cartediem.org/diem/191ef82f-0391-4bae-88e4-5ee2745e814b.jpg,https://s3.eu-west-1.amazonaws.com/assets.dev.cartediem.org/diem/6002b717-332f-4d02-9e99-5c00f45661fb.jpg,https://s3.eu-west-1.amazonaws.com/assets.dev.cartediem.org/diem/49c3bd1f-72fd-4346-a33e-eaee92d585eb.jpg,UK,3.99,GBP
308,62c06e0102e6b100131b961c,S,Armani Exchange,UK,Male,Cotton,Grey,T-shirts,Short sleeve t-shirts,Mens Armani Exchange Short sleeved T shirt.,"Mens Grey small Armani exchange t shirt, tight fitting. ",https://s3.eu-west-1.amazonaws.com/assets.dev.cartediem.org/diem/88e557b7-c449-4eef-8ab2-ea72e3a05b74.jpg,https://s3.eu-west-1.amazonaws.com/assets.dev.cartediem.org/diem/863877db-039d-43bb-acaa-23bb1615a8e0.jpg,https://s3.eu-west-1.amazonaws.com/assets.dev.cartediem.org/diem/680b92b6-5f0d-4e52-9270-b2440f9706eb.jpg,UK,21.0,GBP
311,62c07b6e02e6b100131b98ec,L,Timberland,UK,Male,Cotton,Beige,Jackets,Casual jackets,denim jacket ,never used. great condition. looking for a quick sale. ,https://s3.eu-west-1.amazonaws.com/assets.dev.cartediem.org/diem/c5586ef8-7da8-4eee-ab83-b38ca09124b6.jpg,https://s3.eu-west-1.amazonaws.com/assets.dev.cartediem.org/diem/16227fda-aff9-4772-b849-e4ca08114fbf.jpg,https://s3.eu-west-1.amazonaws.com/assets.dev.cartediem.org/diem/fba8d289-fb5b-4af7-b629-db44c02d39ae.jpg,UK,9.14,GBP
314,62c07c5d02e6b100131b9920,M,Armani Collezioni,EU,Male,Cotton,White,Sweaters and knitwear,Cardigans,armani cardi,"great retro piece. nothing wrong with condition 
",https://s3.eu-west-1.amazonaws.com/assets.dev.cartediem.org/diem/0d080afa-4049-47b4-a516-ab7cef6febd0.jpg,https://s3.eu-west-1.amazonaws.com/assets.dev.cartediem.org/diem/3479ed46-5cb5-4cea-8324-47aa4c487fc4.jpg,https://s3.eu-west-1.amazonaws.com/assets.dev.cartediem.org/diem/78ed4b05-1c9a-4837-a9e7-87b7e913ed67.jpg,UK,28.64,GBP
326,62c1515b02e6b100131babda,S,Poupette St Barth,UK,Female,Cotton - elasthane,Multicolour,Dresses,Dresses,Urban outfitters polo/rugby shirt,"Urban outfitters Unisex shirt never worn no damage 
",https://s3.eu-west-1.amazonaws.com/assets.dev.cartediem.org/diem/30549de7-f613-4447-ab41-66c295d689c5.jpg,https://s3.eu-west-1.amazonaws.com/assets.dev.cartediem.org/diem/b0a9784e-2c66-4bc3-bc62-d7c212dec13e.jpg,https://s3.eu-west-1.amazonaws.com/assets.dev.cartediem.org/diem/4509923b-359f-4122-b765-4d8a69c45657.jpg,UK,25.66,GBP
327,62c1519e02e6b100131babe3,14,Equipment,UK,Female,Synthetic,Green,Dresses,Office dresses,Quiz dress,"Lovely office dress worn only once

",https://s3.eu-west-1.amazonaws.com/assets.dev.cartediem.org/diem/6e2eea70-661c-4640-a1d4-35a8ae353236.jpg,https://s3.eu-west-1.amazonaws.com/assets.dev.cartediem.org/diem/d00ed99d-7f52-4e20-b4e2-6a787e0aa328.jpg,https://s3.eu-west-1.amazonaws.com/assets.dev.cartediem.org/diem/fcbbe267-ac48-4491-925d-da0ec9f59902.jpg,UK,28.54,GBP
329,62c1964e02e6b100131bb7c4,4,Diane von Furstenberg,UK,Female,Polyester,White,Dresses,Maxi and long dresses,DVF BEVINA,"Our dream wear-to-work dress has been updated for Spring with a flattering short sleeve. The Bevina transitions easily from desk to dinner, with side ruching and a wide v-neck. Unlined. Side zip. Falls to knee. Fit runs small.

Our new midweight modern stretch double cloth that holds its form and flatters the body.
62% Viscose 33% Nylon 5% Spandex",https://s3.eu-west-1.amazonaws.com/assets.dev.cartediem.org/diem/058f74f4-4caf-4f10-aa97-52b9e2fe1b44.jpg,https://s3.eu-west-1.amazonaws.com/assets.dev.cartediem.org/diem/d0822ac4-e56f-48c5-ae42-e03ff4a6fad2.jpg,https://s3.eu-west-1.amazonaws.com/assets.dev.cartediem.org/diem/8fbbe282-1fce-4a2a-a324-2f7d1f442738.jpg,UK,34.14,GBP
330,62c1bb8f02e6b100131bc178,XXS,Fila,UK,Female,Polyester,Blue,Coats,Short coats,fila blue womens coat,very good condition hardly worn ,https://s3.eu-west-1.amazonaws.com/assets.dev.cartediem.org/diem/b2c4df38-da54-4499-b7ff-3a5d68e12cc0.jpg,https://s3.eu-west-1.amazonaws.com/assets.dev.cartediem.org/diem/9eeac3af-e046-4e36-8a51-7cdb43a8bf77.jpg,https://s3.eu-west-1.amazonaws.com/assets.dev.cartediem.org/diem/58c45418-fa41-4417-9a82-186cdcaeabda.jpg,UK,12.77,GBP
333,62c1ccb102e6b100131bc647,M,Ralph Lauren,UK,Male,Polyester,Multicolour,Jackets,Activewear jackets,Mens Ralph Lauren Jacket,Like new. Worn very few times. ,https://s3.eu-west-1.amazonaws.com/assets.dev.cartediem.org/diem/fc2617a2-1687-4582-84a3-b03c0375f10d.jpg,https://s3.eu-west-1.amazonaws.com/assets.dev.cartediem.org/diem/b304774a-7338-4337-ab8c-c18628831a97.jpg,https://s3.eu-west-1.amazonaws.com/assets.dev.cartediem.org/diem/28b33fb5-f083-45e4-8034-870df68000d2.jpg,UK,11.7,GBP
335,62c1e9e702e6b100131bcf93,S,Polo Ralph Lauren,US,Male,Cotton,Green,Sweatshirts,Sweatshirts,Green jumper ,"Really good condition, only worn a few time. Per and smoke free home ",https://s3.eu-west-1.amazonaws.com/assets.dev.cartediem.org/diem/bbaac2d3-299a-484c-9f45-90f52114c1e0.jpg,https://s3.eu-west-1.amazonaws.com/assets.dev.cartediem.org/diem/860ebb8b-706b-47d7-a734-56d959b36a1d.jpg,https://s3.eu-west-1.amazonaws.com/assets.dev.cartediem.org/diem/a1a92f6b-932b-4741-b6c6-07160eb19c4a.jpg,UK,12.01,GBP
338,62c2080802e6b100131bd96f,S,Comme des Garçons Play,UK,Male,Cotton,White,T-shirts,Short sleeve t-shirts,White comme des garçons t-shirt ,"Good condition, hardly been worn. ",https://s3.eu-west-1.amazonaws.com/assets.dev.cartediem.org/diem/73a31197-96fb-489e-8c63-8c6742fb446d.jpg,https://s3.eu-west-1.amazonaws.com/assets.dev.cartediem.org/diem/11b36625-930c-40d7-be16-3c72f504d63d.jpg,https://s3.eu-west-1.amazonaws.com/assets.dev.cartediem.org/diem/f559cb1d-b330-484d-b88c-aaa9ad2bacf4.jpg,UK,43.2,GBP
339,62c226c002e6b100131be171,46,Balmain,US,Male,Wool,Black,Trousers,Formal trousers,super 120s,"balmain trousers, super 120s, slim fit 7
",https://s3.eu-west-1.amazonaws.com/assets.dev.cartediem.org/diem/f762d52f-4234-4a33-9ad0-9d23fc77218b.jpg,https://s3.eu-west-1.amazonaws.com/assets.dev.cartediem.org/diem/8c7a0877-ca31-4b05-876a-a2ddfc2750e1.jpg,https://s3.eu-west-1.amazonaws.com/assets.dev.cartediem.org/diem/ae17b48f-61ec-43a5-a00a-529f1c6a77b9.jpg,UK,85.77,GBP
341,62c2f45a961369001268b125,L,Fila,UK,Male,Polyester,Black,Coats,Parka coats,Men’s Fila Park Coat,Great condition. Logo a little faded. ,https://s3.eu-west-1.amazonaws.com/assets.dev.cartediem.org/diem/42c7ab78-22b9-461b-8263-b5b5f3269b09.jpg,https://s3.eu-west-1.amazonaws.com/assets.dev.cartediem.org/diem/17028cac-1d92-42ec-b5fb-398c62d47483.jpg,https://s3.eu-west-1.amazonaws.com/assets.dev.cartediem.org/diem/88b640a9-95b4-4aa8-8c76-0a73e68b28a6.jpg,UK,13.55,GBP
344,62c2ffe9961369001268b423,XS,Ralph Lauren,UK,Male,Cotton,Brown,Hoodies,Hoodies,Beige Ralph Lauren 1/4 zip jumper ,"Good condition with no signs of wear, size xs beige/brown coloured Ralph Lauren jumper ",https://s3.eu-west-1.amazonaws.com/assets.dev.cartediem.org/diem/b5a81f45-4691-4006-b38a-27d2880a5c56.jpg,https://s3.eu-west-1.amazonaws.com/assets.dev.cartediem.org/diem/14aef8dd-40b5-4744-bd0b-f51d7ab6b55e.jpg,https://s3.eu-west-1.amazonaws.com/assets.dev.cartediem.org/diem/d6df5d75-0666-47ac-aadf-e16a9dc27158.jpg,UK,10.05,GBP
347,62c3020a961369001268b4be,8,Khaite,US,Female,Viscose,Blue,Tops,Blouses,Khaite blouse,"Bought from Joseph sale for £330, never worn. Original label still attached.",https://s3.eu-west-1.amazonaws.com/assets.dev.cartediem.org/diem/b2ce8b54-d07e-4fbf-b1e7-37c21e5bf3ed.jpg,https://s3.eu-west-1.amazonaws.com/assets.dev.cartediem.org/diem/15145c45-504b-4359-996f-66f96e46e2f1.jpg,https://s3.eu-west-1.amazonaws.com/assets.dev.cartediem.org/diem/e6fa983e-f4e6-4e9c-9166-8796a22d37f0.jpg,UK,165.52,GBP
349,62c30821961369001268b65a,S,Burberry,UK,Female,Other - write in description,Black,Coats,Raincoats and trench coats,Burberry coat,"Original vintage Burberry women’s trench coat from the 80s in size S. Great condition, rare item! Bought for £150 in a boutique in London. Polyester and cotton mix.",https://s3.eu-west-1.amazonaws.com/assets.dev.cartediem.org/diem/3246512e-6cab-47b8-9dc9-2477163fd963.jpg,https://s3.eu-west-1.amazonaws.com/assets.dev.cartediem.org/diem/10c8a9d7-cc95-4ccb-8f7f-a31566d44388.jpg,https://s3.eu-west-1.amazonaws.com/assets.dev.cartediem.org/diem/b2963bc8-90f7-4ff6-bb76-c35df7dbc8bb.jpg,UK,100.38,GBP
351,62c33b66961369001268c4bb,S,A Bathing Ape,UK,Male,Cotton,Black,Sweaters and knitwear,Crew neck jumpers,Official BAPE Sweatshirt ,"Only worn a few times on occasions, have the official tags and receipt. Purchased from Selfridges (London) Paid £250.00 brand new. ",https://s3.eu-west-1.amazonaws.com/assets.dev.cartediem.org/diem/1353d8fe-7614-41eb-bc57-7fb9e34d8b84.jpg,https://s3.eu-west-1.amazonaws.com/assets.dev.cartediem.org/diem/3eb38bc6-7559-4c83-b370-2f25e34d36bf.jpg,https://s3.eu-west-1.amazonaws.com/assets.dev.cartediem.org/diem/67bcff5c-8f41-4401-b502-3b1dfe9d4f59.jpg,UK,146.66,GBP
352,62c3454b961369001268c795,L,Tommy Hilfiger,UK,Female,Cotton,Multicolour,Knitwear,Jumpers,Tommy jeans jumper ,Womens tommy jeans jumper multi colour ,https://s3.eu-west-1.amazonaws.com/assets.dev.cartediem.org/diem/ba8c64d5-84fc-45da-9bae-c67c976ad399.jpg,https://s3.eu-west-1.amazonaws.com/assets.dev.cartediem.org/diem/3d17240d-0902-430d-82ec-4372f7d7e849.jpg,https://s3.eu-west-1.amazonaws.com/assets.dev.cartediem.org/diem/753f6305-b8bb-4bdb-9276-b4d1b1737527.jpg,UK,5.92,GBP
355,62c3f0b5961369001268dc52,M,Nike,UK,Female,Cotton,Grey,Knitwear,Jumpers,Womens grey Nike sweater ,Nike sweater with red embroidered logo on breast ,https://s3.eu-west-1.amazonaws.com/assets.dev.cartediem.org/diem/fc2e3620-55a1-4bec-a1bc-59cb30f3e94f.jpg,https://s3.eu-west-1.amazonaws.com/assets.dev.cartediem.org/diem/a9d7fa83-e7f0-4473-8479-8194cf62ea80.jpg,https://s3.eu-west-1.amazonaws.com/assets.dev.cartediem.org/diem/bcd97391-4e7b-4b75-a188-821c8bc2c505.jpg,UK,6.13,GBP
358,62c43ae5961369001268eead,XS,Calvin Klein Jeans,UK,Female,Cotton,Black,Knitwear,Jumpers,Calvin Klein Jeans Knit Jumper,"bough during winter 2021 however wasn’t worn once as i was gifted the same item for xmas 
",https://s3.eu-west-1.amazonaws.com/assets.dev.cartediem.org/diem/3b5a316d-537b-4c91-85be-04a45d9e5fbf.jpg,https://s3.eu-west-1.amazonaws.com/assets.dev.cartediem.org/diem/0025c7d0-4dd2-43c4-8750-832035c40e97.jpg,https://s3.eu-west-1.amazonaws.com/assets.dev.cartediem.org/diem/3714adc6-3c90-448c-b972-f9021fb1ae61.jpg,UK,3.99,GBP
361,62c43c39961369001268eefd,S,Etro,UK,Male,Polyester,Blue,T-shirts,Polo shirts,Retro England football shirt,"retro england football shirt, dad bought from a shop in manchester but was too small",https://s3.eu-west-1.amazonaws.com/assets.dev.cartediem.org/diem/dbcaaf00-1b44-42b0-bfe4-b6aeb7f4f9ed.jpg,https://s3.eu-west-1.amazonaws.com/assets.dev.cartediem.org/diem/5d1d46ff-4ff1-4bbf-a8d1-778a73f338b5.jpg,https://s3.eu-west-1.amazonaws.com/assets.dev.cartediem.org/diem/efcb001e-3f17-48a3-8f79-f911d90f1788.jpg,UK,20.58,GBP
364,62c4490f961369001268f1ab,18,Soeur,UK,Female,Mixed Fabric,Blue,Dresses,Office dresses,Dress,"New unworn

Brand new unworn still has label



",https://s3.eu-west-1.amazonaws.com/assets.dev.cartediem.org/diem/be5bd4d2-cd72-40d4-bb2b-223cc813c3d7.jpg,https://s3.eu-west-1.amazonaws.com/assets.dev.cartediem.org/diem/e50233d0-4e2a-45cf-8250-d9c696fb7d7d.jpg,https://s3.eu-west-1.amazonaws.com/assets.dev.cartediem.org/diem/b1169941-7dca-4c03-a4eb-2e3deb71cf60.jpg,UK,27.29,GBP
365,62c44c05961369001268f248,14,Diane von Furstenberg,UK,Female,Lace,Cream,Jumpsuits,Full-length jumpsuits,I saw it first floral design jumpsuit ,Floral design applique jumpsuit ,https://s3.eu-west-1.amazonaws.com/assets.dev.cartediem.org/diem/2dddfde9-fc70-4588-a437-27fdd53712a3.jpg,https://s3.eu-west-1.amazonaws.com/assets.dev.cartediem.org/diem/6ec66049-7b70-438a-b36a-3048a0ca5302.jpg,https://s3.eu-west-1.amazonaws.com/assets.dev.cartediem.org/diem/e91033d5-d5d0-4c51-9f2a-63ed8afebbe8.jpg,UK,46.92,GBP
372,62c45d8e961369001268f682,S,Vivienne Westwood,UK,Female,Other - write in description,Pink,Knitwear,Jumpers,VIVIENNE WESTWOOD Orb Logo Crewneck Knitted Sweatshirt Pink ,"VIVIENNE WESTWOOD
Orb Logo Crewneck Knitted Sweatshirt Pink
Missing the label at the neck but the rest are intact and knitwear. In perfect condition. ",https://s3.eu-west-1.amazonaws.com/assets.dev.cartediem.org/diem/bb5e2c25-4554-498e-bb9e-306896b207e1.jpg,https://s3.eu-west-1.amazonaws.com/assets.dev.cartediem.org/diem/727b61ac-a85d-4888-b398-c6732e94961d.jpg,https://s3.eu-west-1.amazonaws.com/assets.dev.cartediem.org/diem/96459df5-a22d-4583-8dc4-f7925c765b07.jpg,UK,30.0,GBP
376,62c46082961369001268f76f,S,Champion,UK,Male,Cotton,Navy,Sweatshirts,Sweatshirts,Men’s Navy Champion Sweatshirt in Small,"Men’s Navy Champion Sweatshirt in Small
",https://s3.eu-west-1.amazonaws.com/assets.dev.cartediem.org/diem/cd066924-b5d7-49c0-b9d2-cd0ba9792f0b.jpg,https://s3.eu-west-1.amazonaws.com/assets.dev.cartediem.org/diem/436d06f5-5fcc-4fe2-893a-201360d3e708.jpg,https://s3.eu-west-1.amazonaws.com/assets.dev.cartediem.org/diem/3f5aabec-91b5-4e19-8c36-489f8e485201.jpg,UK,10.05,GBP
379,62c4647d961369001268f84b,M,Champion,UK,Male,Other - write in description,Grey,Hoodies,Hoodies,Men’s Medium Champion Hoodie in Grey,"Men’s Medium Champion Hoodie in Grey
51% Polyester 49% Cotton",https://s3.eu-west-1.amazonaws.com/assets.dev.cartediem.org/diem/55df5910-c717-4721-bed6-8ef12eb7416c.jpg,https://s3.eu-west-1.amazonaws.com/assets.dev.cartediem.org/diem/2488b4d2-ba2d-4bd3-9bc9-f23917585762.jpg,https://s3.eu-west-1.amazonaws.com/assets.dev.cartediem.org/diem/765fe727-d36a-4422-9786-f27fe580becb.jpg,UK,9.63,GBP
382,62c494be96136900126902ae,14,Ted Baker,UK,Female,Cotton,Grey,Tops,Sleeveless and tank tops,IDDAA,"In good condition, only worn a handful of times.",https://s3.eu-west-1.amazonaws.com/assets.dev.cartediem.org/diem/15876225-eda1-4718-b1b7-ac07b7711366.jpg,https://s3.eu-west-1.amazonaws.com/assets.dev.cartediem.org/diem/5e3e81e2-5e96-4e1d-8037-17162187898f.jpg,https://s3.eu-west-1.amazonaws.com/assets.dev.cartediem.org/diem/2bf5327a-c20b-4fe8-93ca-87221a33f892.jpg,UK,9.62,GBP
388,62c595289613690012692783,M,Vivienne Westwood Anglomania,UK,Male,Cotton,Black,T-shirts,Short sleeve t-shirts,Mens medium Vivienne Westwood t shirt ,Never been worn label still attached ,https://s3.eu-west-1.amazonaws.com/assets.dev.cartediem.org/diem/008befa4-e463-440c-aa61-091edaec074d.jpg,https://s3.eu-west-1.amazonaws.com/assets.dev.cartediem.org/diem/36d06460-0202-46b9-9832-a86f52167a6a.jpg,https://s3.eu-west-1.amazonaws.com/assets.dev.cartediem.org/diem/e335f7b9-5cbe-4a48-aa9e-2c69bca70ffb.jpg,UK,25.22,GBP
391,62c59962961369001269287b,S,Nike,UK,Male,Cotton,Blue,Hoodies,Hoodies,Mens Foundation Blue Jumper,Mens Blue Nike Foundation Jumper,https://s3.eu-west-1.amazonaws.com/assets.dev.cartediem.org/diem/aafd21ed-54bb-44f5-b3da-be344dcd0ff3.jpg,https://s3.eu-west-1.amazonaws.com/assets.dev.cartediem.org/diem/a7d7d6dc-a495-45a9-9e6e-c114d1743f72.jpg,https://s3.eu-west-1.amazonaws.com/assets.dev.cartediem.org/diem/e0cfd385-a53d-49ba-afec-a93a65d6a806.jpg,UK,9.07,GBP
394,62c59af296136900126928d9,S,Levi's,UK,Male,Cotton,Black,Hoodies,Hoodies,Mens Levi’s Hoodie ,Mens Levi’s hoodie black and red ,https://s3.eu-west-1.amazonaws.com/assets.dev.cartediem.org/diem/41869c02-daa4-4f35-aa8b-ae3baa9016f5.jpg,https://s3.eu-west-1.amazonaws.com/assets.dev.cartediem.org/diem/380a519c-96a1-4c4e-8823-4ff468461153.jpg,https://s3.eu-west-1.amazonaws.com/assets.dev.cartediem.org/diem/6c38ac1f-145c-4bea-9e81-f0a74ffa4f53.jpg,UK,6.13,GBP
397,62c5a6ea9613690012692bae,M,Supreme,UK,Male,Cotton,Black,T-shirts,Long-sleeve t-shirts,Supreme the killers t shirt ,Supreme the killers long sleeve t shirt ,https://s3.eu-west-1.amazonaws.com/assets.dev.cartediem.org/diem/daa6463b-09bc-4172-9ad9-d5075f07211a.jpg,https://s3.eu-west-1.amazonaws.com/assets.dev.cartediem.org/diem/baa6e1e1-f517-47d2-9fda-fb77d30a0d1c.jpg,https://s3.eu-west-1.amazonaws.com/assets.dev.cartediem.org/diem/a792ec8e-1c25-44b9-819f-327857013dac.jpg,UK,23.33,GBP
399,62c5abb79613690012692cdb,M,Kenzo,UK,Female,Polyester,Black,Sweatshirts,Sweatshirts,Kenzo sweatshirt ,"Woman’s kenzo sweatshirt very comfy only worn 3 times basically new
",https://s3.eu-west-1.amazonaws.com/assets.dev.cartediem.org/diem/463710ef-30f2-49ed-ae81-7b69b5ca1ff1.jpg,https://s3.eu-west-1.amazonaws.com/assets.dev.cartediem.org/diem/ce265390-7b34-466d-93fd-3534626d6ffb.jpg,https://s3.eu-west-1.amazonaws.com/assets.dev.cartediem.org/diem/c6ee2a51-e6c1-4bd8-8e24-cbd067af29b7.jpg,UK,37.44,GBP
401,62c5b6cc9613690012692f82,M,Supreme,UK,Male,Cotton,Red,T-shirts,Short sleeve t-shirts,Burgundy supreme t shirt,Burgundy short sleeve supreme t shirt,https://s3.eu-west-1.amazonaws.com/assets.dev.cartediem.org/diem/30b190ea-f566-414c-adaa-698c82800978.jpg,https://s3.eu-west-1.amazonaws.com/assets.dev.cartediem.org/diem/9db83e5d-66ff-4ddf-94ff-b52af0bf21d7.jpg,https://s3.eu-west-1.amazonaws.com/assets.dev.cartediem.org/diem/f90181ce-2884-44ce-95de-699278a12987.jpg,UK,23.32,GBP
403,62c5c8009613690012693352,L,Essentials - Fear of God,UK,Male,Cotton,Beige,T-shirts,Long-sleeve t-shirts,Essentials fear of god long sleeve T shirt,Essentials fear of god long sleeve T shirt,https://s3.eu-west-1.amazonaws.com/assets.dev.cartediem.org/diem/6aeb75b1-b4b8-414e-a48d-89022705f399.jpg,https://s3.eu-west-1.amazonaws.com/assets.dev.cartediem.org/diem/a692d8db-62db-483e-be98-984854acd557.jpg,https://s3.eu-west-1.amazonaws.com/assets.dev.cartediem.org/diem/f00dda59-7ea3-48e0-a94c-7a20b000406e.jpg,UK,54.36,GBP
406,62c5c8f09613690012693392,M,Balenciaga,UK,Male,Cotton,Grey,T-shirts,Short sleeve t-shirts,Balenciaga T shirt ,2020 short sleeve Balenciaga T shirt ,https://s3.eu-west-1.amazonaws.com/assets.dev.cartediem.org/diem/af62afaa-1e3c-4879-adac-c92ea8248e54.jpg,https://s3.eu-west-1.amazonaws.com/assets.dev.cartediem.org/diem/63e24cb6-9d5c-488b-9cd1-369e0eaf3e29.jpg,https://s3.eu-west-1.amazonaws.com/assets.dev.cartediem.org/diem/f4d6a82d-e7af-41b5-a8bb-dfcee41a0a73.jpg,UK,58.88,GBP
409,62c5ca1496136900126933e5,M,Gucci,UK,Female,Cotton,Black,Tops,Short-sleeve tops,Gucci Manifesto T-shirt ,Gucci manifesto black and white T shirt,https://s3.eu-west-1.amazonaws.com/assets.dev.cartediem.org/diem/35ec2d49-c721-4e5c-a6a2-7d01e5388fd3.jpg,https://s3.eu-west-1.amazonaws.com/assets.dev.cartediem.org/diem/3c157464-b1c1-460b-bae2-0d27ad1da6b3.jpg,https://s3.eu-west-1.amazonaws.com/assets.dev.cartediem.org/diem/9025ea98-d497-40af-bd7e-dd72244ba857.jpg,UK,107.77,GBP
412,62c5e0a39613690012693945,XS,Dsquared2,UK,Female,Cotton,Black,Dresses,Mini and short dresses,Dsquared2 mini dress and tshirt,Very nice and confortable mini dress! Never wear! New brand!,https://s3.eu-west-1.amazonaws.com/assets.dev.cartediem.org/diem/530164f0-0a80-44cf-9092-2de5a62d1875.jpg,https://s3.eu-west-1.amazonaws.com/assets.dev.cartediem.org/diem/dfc054c6-f6a6-435a-b3df-25683809761d.jpg,https://s3.eu-west-1.amazonaws.com/assets.dev.cartediem.org/diem/0d4eb251-8cad-4489-9c82-82cd0110b947.jpg,UK,44.69,GBP
413,62c5e8e99613690012693aee,M,Champion,UK,Male,Cotton,Multicolour,Sweatshirts,Sweatshirts,Champion reverse weave sweatshirt,Rare champion mens green black red and blue reverse weave sweatshirt ,https://s3.eu-west-1.amazonaws.com/assets.dev.cartediem.org/diem/e0ead8d5-13c8-4153-ab63-e23f5056580c.jpg,https://s3.eu-west-1.amazonaws.com/assets.dev.cartediem.org/diem/cf1a79ed-4a9e-4bc9-8276-a964234f4194.jpg,https://s3.eu-west-1.amazonaws.com/assets.dev.cartediem.org/diem/92fefb72-f981-4d22-b6f9-fbbd1404a164.jpg,UK,10.05,GBP
416,62c5ebe79613690012693b7a,L,Champion,UK,Male,Cotton,Navy,Sweatshirts,Sweatshirts,Champion navy and yellow sweatshirt,"Champion navy and yellow C sweatshirt - excellent condition
",https://s3.eu-west-1.amazonaws.com/assets.dev.cartediem.org/diem/796d2f67-a21d-4048-b0f4-2ee3461c9571.jpg,https://s3.eu-west-1.amazonaws.com/assets.dev.cartediem.org/diem/92064ae7-ca29-4890-8021-673b9db44fea.jpg,https://s3.eu-west-1.amazonaws.com/assets.dev.cartediem.org/diem/53affb35-7626-4a00-9e82-d87f5d881c8d.jpg,UK,10.05,GBP
419,62c5fd189613690012693ed5,M,Palm Angels,UK,Male,Cotton,Yellow,Hoodies,Hoodies,Palm angels hoodie,"Palm angels hoodie size M 100% authentic
",https://s3.eu-west-1.amazonaws.com/assets.dev.cartediem.org/diem/0fbea996-2c45-4538-be2a-1ef0c0dcf941.jpg,https://s3.eu-west-1.amazonaws.com/assets.dev.cartediem.org/diem/a9555561-61c1-4a20-b82b-198273eb6f6b.jpg,https://s3.eu-west-1.amazonaws.com/assets.dev.cartediem.org/diem/83496d36-cb55-4fc1-8436-c5cdd8c9f3be.jpg,UK,75.5,GBP
420,62c68ca09613690012694c80,4,Ted Baker,UK,Female,Cotton,Black,Coats,Raincoats and trench coats,Ted baker trench coat in black ,Ted baker trench coat in black size zero us (size 4 UK),https://s3.eu-west-1.amazonaws.com/assets.dev.cartediem.org/diem/a8b174a7-ae3c-478c-a141-66ef661585f4.jpg,https://s3.eu-west-1.amazonaws.com/assets.dev.cartediem.org/diem/d411d05d-9ace-4285-8b5f-d51a8c5c88ba.jpg,https://s3.eu-west-1.amazonaws.com/assets.dev.cartediem.org/diem/a6d5423b-9a0f-41bc-bf76-00eed3fed51b.jpg,UK,40.09,GBP
424,62c6b29596136900126951a0,M,Moschino,UK,Male,Cotton,Black,Jackets,Casual jackets,moschino jacket,"only worn a few times, good condition",https://s3.eu-west-1.amazonaws.com/assets.dev.cartediem.org/diem/ce2aadc2-d0b0-4186-9f9d-ba387fed2d11.jpg,https://s3.eu-west-1.amazonaws.com/assets.dev.cartediem.org/diem/c6a54344-d422-4cee-8edb-430d75b9077d.jpg,https://s3.eu-west-1.amazonaws.com/assets.dev.cartediem.org/diem/406b96da-2a3b-46ad-9449-d0f1925919f7.jpg,UK,42.28,GBP
426,62c6b47996136900126951f2,28,Levi's,UK,Female,Denim - Jeans,Blue,Trousers,Straight-leg trousers,Levi high rise straight jeans,Dark denim straight leg jeans 28 waist,https://s3.eu-west-1.amazonaws.com/assets.dev.cartediem.org/diem/94141ec7-91be-4ca7-ac82-3eda9dabb491.jpg,https://s3.eu-west-1.amazonaws.com/assets.dev.cartediem.org/diem/d4fad5ff-0b01-4d84-af4e-3ef0f7453f3c.jpg,https://s3.eu-west-1.amazonaws.com/assets.dev.cartediem.org/diem/345ce34e-3150-4175-b482-174e68fbe121.jpg,UK,5.72,GBP
429,62c6e4f59613690012695f63,XS,Vivienne Westwood,UK,Female,Cotton,Grey,Knitwear,Jumpers,Womens vivienne Westwood jumper,Grey Vivienne westwood jumper size xs womens,https://s3.eu-west-1.amazonaws.com/assets.dev.cartediem.org/diem/c708f109-498b-40ee-9f83-67d0087e86da.jpg,https://s3.eu-west-1.amazonaws.com/assets.dev.cartediem.org/diem/34581d67-0101-4368-bfc2-1615345c8917.jpg,https://s3.eu-west-1.amazonaws.com/assets.dev.cartediem.org/diem/22cb4737-e611-4996-ba0c-b455b25d2899.jpg,UK,30.0,GBP
431,62c7159c961369001269689b,XL,Moncler,UK,Male,Cotton,White,T-shirts,T-shirts,Mocler,Moncler t-shirt in very good condition,https://s3.eu-west-1.amazonaws.com/assets.dev.cartediem.org/diem/a9a9637f-ef89-4152-adb7-f7d4652aac0b.jpg,https://s3.eu-west-1.amazonaws.com/assets.dev.cartediem.org/diem/33500c2e-6663-4972-b48c-66e375e5c17a.jpg,https://s3.eu-west-1.amazonaws.com/assets.dev.cartediem.org/diem/3abb69c5-add8-48c3-a749-68b6327d1003.jpg,UK,30.0,GBP
432,62c7208c9613690012696b5c,XXS,FRAME,UK,Female,Polyester,Multicolour,Jackets,Casual jackets,monsoon heritage collection jacket ,"sleek flowery colourful jacket that will keep your body warm and make u feel amazing
",https://s3.eu-west-1.amazonaws.com/assets.dev.cartediem.org/diem/4a505cca-21fc-4df2-a472-83a6b079a26d.jpg,https://s3.eu-west-1.amazonaws.com/assets.dev.cartediem.org/diem/9e9742b8-70b1-458e-9566-859ab3ce253c.jpg,https://s3.eu-west-1.amazonaws.com/assets.dev.cartediem.org/diem/77a9a1ae-18af-4654-99f2-dbcd239de0ff.jpg,UK,42.77,GBP
433,62c72ff49613690012696eeb,S,Napapijri,UK,Male,Synthetic,Khaki,Coats,Raincoats and trench coats,Rainforest jacket Pocket summer,Hooded anorak. Side zip fastening. Advanced hood regulation. Fixed hood. Pockets and flap pocket with zip fastening. Elasticated seams. Ventilation eyelets. Inner cuffs. Adjustable hem. Inside mesh lining. Critically taped seams. Badges. 100%polyamide. Spring summer 2020,https://s3.eu-west-1.amazonaws.com/assets.dev.cartediem.org/diem/2b61bcdd-5f0b-41e5-925f-68458f5cb606.jpg,https://s3.eu-west-1.amazonaws.com/assets.dev.cartediem.org/diem/9ed15255-23f1-42f9-bd73-4490849bf4d6.jpg,https://s3.eu-west-1.amazonaws.com/assets.dev.cartediem.org/diem/b93f1340-70f9-4adb-be13-17b44dea434b.jpg,UK,43.89,GBP
453,62c85b053ff2590013ebd262,M,Timberland,UK,Male,Cotton,Navy,Jackets,Casual jackets,Weathergear Jacket 1997,"Mens Weathergear Timberland Jacket 1997

",https://s3.eu-west-1.amazonaws.com/assets.dev.cartediem.org/diem/6f6015fa-7ba7-4abc-a911-b8597b37c3bc.jpg,https://s3.eu-west-1.amazonaws.com/assets.dev.cartediem.org/diem/65058304-4ac0-48bb-bad7-7fb475a4c5ca.jpg,https://s3.eu-west-1.amazonaws.com/assets.dev.cartediem.org/diem/8ba6116f-0aa2-4667-8537-822be94782ab.jpg,UK,9.14,GBP
456,62c85bc73ff2590013ebd292,L,Ralph Lauren,UK,Male,Cotton,Beige,Jackets,Casual jackets,Mens Ralph Lauren Harrington jacket large beige,Mens Ralph Lauren Harrington jacket large beige,https://s3.eu-west-1.amazonaws.com/assets.dev.cartediem.org/diem/f89a5d8c-2f16-423c-82d6-7274b3b55581.jpg,https://s3.eu-west-1.amazonaws.com/assets.dev.cartediem.org/diem/402b1994-fcd4-44e4-bbf2-a0fe2016b00c.jpg,https://s3.eu-west-1.amazonaws.com/assets.dev.cartediem.org/diem/a16dc47d-5c9a-4e09-89cc-4caf0389d7dd.jpg,UK,11.97,GBP
459,62c85e2d3ff2590013ebd2d9,S,Hugo Boss,UK,Male,Cotton,Grey,Jackets,Casual jackets,Mens Hugo Boss Zip Lightweight Jacket,Mens Hugo Boss Zip Lightweight Jacket,https://s3.eu-west-1.amazonaws.com/assets.dev.cartediem.org/diem/ea47c7de-d2d1-42ea-a5b6-32256d640515.jpg,https://s3.eu-west-1.amazonaws.com/assets.dev.cartediem.org/diem/38d3236e-df3b-45fd-ab2e-e2d0d6caad86.jpg,https://s3.eu-west-1.amazonaws.com/assets.dev.cartediem.org/diem/7fe89cb1-5cc7-43f4-934b-3feada90cf74.jpg,UK,16.22,GBP
