,Marque,Modele,Prix Comme neuf,Prix tres bon etat,Prix marque/raye,Prix ecran casse,URL landing page produit,Capacite
0,Apple,iPhone 13 Pro Max,769,769,616,94,https://goodbuytech-fr.twigcard.com/devices/Apple-iPhone 13 Pro Max-128Go-6277,128Go
1,Apple,iPhone 13 Pro Max,869,869,716,94,https://goodbuytech-fr.twigcard.com/devices/Apple-iPhone 13 Pro Max-256Go-6281,256Go
2,Apple,iPhone 13 Pro Max,893,893,740,94,https://goodbuytech-fr.twigcard.com/devices/Apple-iPhone 13 Pro Max-512Go-6285,512Go
3,Apple,iPhone 13 Pro Max,922,922,769,94,https://goodbuytech-fr.twigcard.com/devices/Apple-iPhone 13 Pro Max-1To-6289,1To
4,Apple,iPad Pro 3 (2018) 11 WiFi,223,223,129,35,https://goodbuytech-fr.twigcard.com/devices/Apple-iPad Pro 3 (2018) 11 WiFi-64Go-6309,64Go
5,Apple,iPad Pro 3 (2018) 11 WiFi,258,258,152,35,https://goodbuytech-fr.twigcard.com/devices/Apple-iPad Pro 3 (2018) 11 WiFi-256Go-6313,256Go
6,Apple,iPad Pro 3 (2018) 11 WiFi,282,282,164,35,https://goodbuytech-fr.twigcard.com/devices/Apple-iPad Pro 3 (2018) 11 WiFi-512Go-6317,512Go
7,Apple,iPad Pro 3 (2018) 11 WiFi,305,305,188,35,https://goodbuytech-fr.twigcard.com/devices/Apple-iPad Pro 3 (2018) 11 WiFi-1To-6321,1To
8,Apple,iPad Pro 3 (2018) 11 WiFi & Cellular,223,223,129,35,https://goodbuytech-fr.twigcard.com/devices/Apple-iPad Pro 3 (2018) 11 WiFi & Cellular-64Go-6341,64Go
9,Apple,iPad Pro 3 (2018) 11 WiFi & Cellular,258,258,152,35,https://goodbuytech-fr.twigcard.com/devices/Apple-iPad Pro 3 (2018) 11 WiFi & Cellular-256Go-6345,256Go
10,Apple,iPad Pro 3 (2018) 11 WiFi & Cellular,282,282,164,35,https://goodbuytech-fr.twigcard.com/devices/Apple-iPad Pro 3 (2018) 11 WiFi & Cellular-512Go-6349,512Go
11,Apple,iPad Pro 3 (2018) 11 WiFi & Cellular,305,305,188,35,https://goodbuytech-fr.twigcard.com/devices/Apple-iPad Pro 3 (2018) 11 WiFi & Cellular-1To-6353,1To
12,Apple,iPad Pro 3 (2018) 12.9 WiFi,270,270,152,35,https://goodbuytech-fr.twigcard.com/devices/Apple-iPad Pro 3 (2018) 12.9 WiFi-64Go-6373,64Go
13,Apple,iPad Pro 3 (2018) 12.9 WiFi,323,323,205,35,https://goodbuytech-fr.twigcard.com/devices/Apple-iPad Pro 3 (2018) 12.9 WiFi-256Go-6377,256Go
14,Apple,iPad Pro 3 (2018) 12.9 WiFi,376,376,258,35,https://goodbuytech-fr.twigcard.com/devices/Apple-iPad Pro 3 (2018) 12.9 WiFi-512Go-6381,512Go
15,Apple,iPad Pro 3 (2018) 12.9 WiFi,423,423,305,35,https://goodbuytech-fr.twigcard.com/devices/Apple-iPad Pro 3 (2018) 12.9 WiFi-1To-6385,1To
16,Apple,iPad Pro 3 (2018) 12.9 WiFi & Cellular,270,270,152,35,https://goodbuytech-fr.twigcard.com/devices/Apple-iPad Pro 3 (2018) 12.9 WiFi & Cellular-64Go-6405,64Go
17,Apple,iPad Pro 3 (2018) 12.9 WiFi & Cellular,323,323,205,35,https://goodbuytech-fr.twigcard.com/devices/Apple-iPad Pro 3 (2018) 12.9 WiFi & Cellular-256Go-6409,256Go
18,Apple,iPad Pro 3 (2018) 12.9 WiFi & Cellular,376,376,258,35,https://goodbuytech-fr.twigcard.com/devices/Apple-iPad Pro 3 (2018) 12.9 WiFi & Cellular-512Go-6413,512Go
19,Apple,iPad Pro 3 (2018) 12.9 WiFi & Cellular,423,423,305,35,https://goodbuytech-fr.twigcard.com/devices/Apple-iPad Pro 3 (2018) 12.9 WiFi & Cellular-1To-6417,1To
20,Apple,iPad Pro 4 (2020) 11 WiFi,293,293,176,35,https://goodbuytech-fr.twigcard.com/devices/Apple-iPad Pro 4 (2020) 11 WiFi-128Go-6437,128Go
21,Apple,iPad Pro 4 (2020) 11 WiFi,317,317,199,35,https://goodbuytech-fr.twigcard.com/devices/Apple-iPad Pro 4 (2020) 11 WiFi-256Go-6441,256Go
22,Apple,iPad Pro 4 (2020) 11 WiFi,340,340,223,35,https://goodbuytech-fr.twigcard.com/devices/Apple-iPad Pro 4 (2020) 11 WiFi-512Go-6445,512Go
23,Apple,iPad Pro 4 (2020) 11 WiFi,376,376,258,35,https://goodbuytech-fr.twigcard.com/devices/Apple-iPad Pro 4 (2020) 11 WiFi-1To-6449,1To
24,Apple,iPad Pro 4 (2020) 11 WiFi & Cellular,293,293,176,35,https://goodbuytech-fr.twigcard.com/devices/Apple-iPad Pro 4 (2020) 11 WiFi & Cellular-128Go-6469,128Go
25,Apple,iPad Pro 4 (2020) 11 WiFi & Cellular,317,317,199,35,https://goodbuytech-fr.twigcard.com/devices/Apple-iPad Pro 4 (2020) 11 WiFi & Cellular-256Go-6473,256Go
26,Apple,iPad Pro 4 (2020) 11 WiFi & Cellular,340,340,223,35,https://goodbuytech-fr.twigcard.com/devices/Apple-iPad Pro 4 (2020) 11 WiFi & Cellular-512Go-6477,512Go
27,Apple,iPad Pro 4 (2020) 11 WiFi & Cellular,376,376,258,35,https://goodbuytech-fr.twigcard.com/devices/Apple-iPad Pro 4 (2020) 11 WiFi & Cellular-1To-6481,1To
28,Apple,iPad Pro 4 (2020) 12.9 WiFi,411,411,293,35,https://goodbuytech-fr.twigcard.com/devices/Apple-iPad Pro 4 (2020) 12.9 WiFi-128Go-6501,128Go
29,Apple,iPad Pro 4 (2020) 12.9 WiFi,470,470,352,35,https://goodbuytech-fr.twigcard.com/devices/Apple-iPad Pro 4 (2020) 12.9 WiFi-256Go-6505,256Go
30,Apple,iPad Pro 4 (2020) 12.9 WiFi,505,505,387,35,https://goodbuytech-fr.twigcard.com/devices/Apple-iPad Pro 4 (2020) 12.9 WiFi-512Go-6509,512Go
31,Apple,iPad Pro 4 (2020) 12.9 WiFi,505,505,387,35,https://goodbuytech-fr.twigcard.com/devices/Apple-iPad Pro 4 (2020) 12.9 WiFi-1To-6513,1To
32,Apple,iPad Pro 4 (2020) 12.9 WiFi & Cellular,411,411,293,35,https://goodbuytech-fr.twigcard.com/devices/Apple-iPad Pro 4 (2020) 12.9 WiFi & Cellular-128Go-6533,128Go
33,Apple,iPad Pro 4 (2020) 12.9 WiFi & Cellular,470,470,352,35,https://goodbuytech-fr.twigcard.com/devices/Apple-iPad Pro 4 (2020) 12.9 WiFi & Cellular-256Go-6537,256Go
34,Apple,iPad Pro 4 (2020) 12.9 WiFi & Cellular,505,505,387,35,https://goodbuytech-fr.twigcard.com/devices/Apple-iPad Pro 4 (2020) 12.9 WiFi & Cellular-512Go-6541,512Go
35,Apple,iPad Pro 4 (2020) 12.9 WiFi & Cellular,505,505,387,35,https://goodbuytech-fr.twigcard.com/devices/Apple-iPad Pro 4 (2020) 12.9 WiFi & Cellular-1To-6545,1To
36,Apple,iPad Pro 5 (2021) 11 WiFi,340,340,223,35,https://goodbuytech-fr.twigcard.com/devices/Apple-iPad Pro 5 (2021) 11 WiFi-128Go-6565,128Go
37,Apple,iPad Pro 5 (2021) 11 WiFi,399,399,282,35,https://goodbuytech-fr.twigcard.com/devices/Apple-iPad Pro 5 (2021) 11 WiFi-256Go-6569,256Go
38,Apple,iPad Pro 5 (2021) 11 WiFi,440,440,323,35,https://goodbuytech-fr.twigcard.com/devices/Apple-iPad Pro 5 (2021) 11 WiFi-512Go-6573,512Go
39,Apple,iPad Pro 5 (2021) 11 WiFi,481,481,364,35,https://goodbuytech-fr.twigcard.com/devices/Apple-iPad Pro 5 (2021) 11 WiFi-1To-6577,1To
40,Apple,iPad Pro 5 (2021) 11 WiFi,522,522,405,35,https://goodbuytech-fr.twigcard.com/devices/Apple-iPad Pro 5 (2021) 11 WiFi-2To-6581,2To
41,Apple,iPad Pro 5 (2021) 11 WiFi & Cellular,340,340,223,35,https://goodbuytech-fr.twigcard.com/devices/Apple-iPad Pro 5 (2021) 11 WiFi & Cellular-128Go-6605,128Go
42,Apple,iPad Pro 5 (2021) 11 WiFi & Cellular,399,399,282,35,https://goodbuytech-fr.twigcard.com/devices/Apple-iPad Pro 5 (2021) 11 WiFi & Cellular-256Go-6609,256Go
43,Apple,iPad Pro 5 (2021) 11 WiFi & Cellular,440,440,323,35,https://goodbuytech-fr.twigcard.com/devices/Apple-iPad Pro 5 (2021) 11 WiFi & Cellular-512Go-6613,512Go
44,Apple,iPad Pro 5 (2021) 11 WiFi & Cellular,481,481,364,35,https://goodbuytech-fr.twigcard.com/devices/Apple-iPad Pro 5 (2021) 11 WiFi & Cellular-1To-6617,1To
45,Apple,iPad Pro 5 (2021) 11 WiFi & Cellular,522,522,405,35,https://goodbuytech-fr.twigcard.com/devices/Apple-iPad Pro 5 (2021) 11 WiFi & Cellular-2To-6621,2To
46,Apple,iPad Pro 5 (2021) 12.9 WiFi,387,387,270,35,https://goodbuytech-fr.twigcard.com/devices/Apple-iPad Pro 5 (2021) 12.9 WiFi-128Go-6645,128Go
47,Apple,iPad Pro 5 (2021) 12.9 WiFi,446,446,329,35,https://goodbuytech-fr.twigcard.com/devices/Apple-iPad Pro 5 (2021) 12.9 WiFi-256Go-6649,256Go
48,Apple,iPad Pro 5 (2021) 12.9 WiFi,487,487,370,35,https://goodbuytech-fr.twigcard.com/devices/Apple-iPad Pro 5 (2021) 12.9 WiFi-512Go-6653,512Go
49,Apple,iPad Pro 5 (2021) 12.9 WiFi,528,528,411,35,https://goodbuytech-fr.twigcard.com/devices/Apple-iPad Pro 5 (2021) 12.9 WiFi-1To-6657,1To
50,Apple,iPad Pro 5 (2021) 12.9 WiFi,564,564,446,35,https://goodbuytech-fr.twigcard.com/devices/Apple-iPad Pro 5 (2021) 12.9 WiFi-2To-6661,2To
51,Apple,iPad Pro 5 (2021) 12.9 WiFi & Cellular,387,387,270,35,https://goodbuytech-fr.twigcard.com/devices/Apple-iPad Pro 5 (2021) 12.9 WiFi & Cellular-128Go-6685,128Go
52,Apple,iPad Pro 5 (2021) 12.9 WiFi & Cellular,446,446,329,35,https://goodbuytech-fr.twigcard.com/devices/Apple-iPad Pro 5 (2021) 12.9 WiFi & Cellular-256Go-6689,256Go
53,Apple,iPad Pro 5 (2021) 12.9 WiFi & Cellular,487,487,370,35,https://goodbuytech-fr.twigcard.com/devices/Apple-iPad Pro 5 (2021) 12.9 WiFi & Cellular-512Go-6693,512Go
54,Apple,iPad Pro 5 (2021) 12.9 WiFi & Cellular,528,528,411,35,https://goodbuytech-fr.twigcard.com/devices/Apple-iPad Pro 5 (2021) 12.9 WiFi & Cellular-1To-6697,1To
55,Apple,iPad Pro 5 (2021) 12.9 WiFi & Cellular,564,564,446,35,https://goodbuytech-fr.twigcard.com/devices/Apple-iPad Pro 5 (2021) 12.9 WiFi & Cellular-2To-6701,2To
56,Apple,iPhone 11 Pro,340,340,246,58,https://goodbuytech-fr.twigcard.com/devices/Apple-iPhone 11 Pro-64Go-6725,64Go
57,Apple,iPhone 11 Pro,405,405,311,58,https://goodbuytech-fr.twigcard.com/devices/Apple-iPhone 11 Pro-256Go-6729,256Go
58,Apple,iPhone 11 Pro,405,405,311,58,https://goodbuytech-fr.twigcard.com/devices/Apple-iPhone 11 Pro-512Go-6733,512Go
59,Apple,iPhone 11 Pro Max,401,401,307,58,https://goodbuytech-fr.twigcard.com/devices/Apple-iPhone 11 Pro Max-64Go-6749,64Go
60,Apple,iPhone 11 Pro Max,460,460,366,58,https://goodbuytech-fr.twigcard.com/devices/Apple-iPhone 11 Pro Max-256Go-6753,256Go
61,Apple,iPhone 11 Pro Max,460,460,366,58,https://goodbuytech-fr.twigcard.com/devices/Apple-iPhone 11 Pro Max-512Go-6757,512Go
62,Apple,iPhone 12,417,417,299,70,https://goodbuytech-fr.twigcard.com/devices/Apple-iPhone 12-64Go-6773,64Go
63,Apple,iPhone 12,477,477,359,70,https://goodbuytech-fr.twigcard.com/devices/Apple-iPhone 12-128Go-6777,128Go
64,Apple,iPhone 12,477,477,359,70,https://goodbuytech-fr.twigcard.com/devices/Apple-iPhone 12-256Go-6781,256Go
65,Apple,iPhone 12 Mini,346,346,252,70,https://goodbuytech-fr.twigcard.com/devices/Apple-iPhone 12 Mini-64Go-6797,64Go
66,Apple,iPhone 12 Mini,399,399,282,70,https://goodbuytech-fr.twigcard.com/devices/Apple-iPhone 12 Mini-128Go-6801,128Go
67,Apple,iPhone 12 Mini,428,428,311,70,https://goodbuytech-fr.twigcard.com/devices/Apple-iPhone 12 Mini-256Go-6805,256Go
68,Apple,iPhone 12 Pro,558,558,440,94,https://goodbuytech-fr.twigcard.com/devices/Apple-iPhone 12 Pro-128Go-6821,128Go
69,Apple,iPhone 12 Pro,587,587,470,94,https://goodbuytech-fr.twigcard.com/devices/Apple-iPhone 12 Pro-256Go-6825,256Go
70,Apple,iPhone 12 Pro,611,611,493,94,https://goodbuytech-fr.twigcard.com/devices/Apple-iPhone 12 Pro-512Go-6829,512Go
71,Apple,iPhone 12 Pro Max,642,642,525,94,https://goodbuytech-fr.twigcard.com/devices/Apple-iPhone 12 Pro Max-128Go-6845,128Go
72,Apple,iPhone 12 Pro Max,667,667,549,94,https://goodbuytech-fr.twigcard.com/devices/Apple-iPhone 12 Pro Max-256Go-6849,256Go
73,Apple,iPhone 12 Pro Max,695,695,578,94,https://goodbuytech-fr.twigcard.com/devices/Apple-iPhone 12 Pro Max-512Go-6853,512Go
74,Apple,iPhone 13,569,569,452,94,https://goodbuytech-fr.twigcard.com/devices/Apple-iPhone 13-128Go-6869,128Go
75,Apple,iPhone 13,640,640,522,94,https://goodbuytech-fr.twigcard.com/devices/Apple-iPhone 13-256Go-6873,256Go
76,Apple,iPhone 13,669,669,552,94,https://goodbuytech-fr.twigcard.com/devices/Apple-iPhone 13-512Go-6877,512Go
77,Apple,iPhone 13 Mini,417,417,323,94,https://goodbuytech-fr.twigcard.com/devices/Apple-iPhone 13 Mini-128Go-6893,128Go
78,Apple,iPhone 13 Mini,440,440,346,94,https://goodbuytech-fr.twigcard.com/devices/Apple-iPhone 13 Mini-256Go-6897,256Go
79,Apple,iPhone 13 Mini,481,481,387,94,https://goodbuytech-fr.twigcard.com/devices/Apple-iPhone 13 Mini-512Go-6901,512Go
80,Apple,iPhone 13 Pro,763,763,611,94,https://goodbuytech-fr.twigcard.com/devices/Apple-iPhone 13 Pro-128Go-6917,128Go
81,Apple,iPhone 13 Pro,834,834,681,94,https://goodbuytech-fr.twigcard.com/devices/Apple-iPhone 13 Pro-256Go-6921,256Go
82,Apple,iPhone 13 Pro,863,863,710,94,https://goodbuytech-fr.twigcard.com/devices/Apple-iPhone 13 Pro-512Go-6925,512Go
83,Apple,iPhone 13 Pro,875,875,722,94,https://goodbuytech-fr.twigcard.com/devices/Apple-iPhone 13 Pro-1To-6929,1To
84,Apple,iPhone 6,0,0,0,0,https://goodbuytech-fr.twigcard.com/devices/Apple-iPhone 6-16Go-6949,16Go
85,Apple,iPhone 6,0,0,0,0,https://goodbuytech-fr.twigcard.com/devices/Apple-iPhone 6-32Go-6953,32Go
86,Apple,iPhone 6,0,0,0,0,https://goodbuytech-fr.twigcard.com/devices/Apple-iPhone 6-64Go-6957,64Go
87,Apple,iPhone 6,0,0,0,0,https://goodbuytech-fr.twigcard.com/devices/Apple-iPhone 6-128Go-6961,128Go
88,Apple,iPhone 6 Plus,0,0,0,0,https://goodbuytech-fr.twigcard.com/devices/Apple-iPhone 6 Plus-16Go-6981,16Go
89,Apple,iPhone 6 Plus,0,0,0,0,https://goodbuytech-fr.twigcard.com/devices/Apple-iPhone 6 Plus-32Go-6985,32Go
90,Apple,iPhone 6 Plus,0,0,0,0,https://goodbuytech-fr.twigcard.com/devices/Apple-iPhone 6 Plus-64Go-6989,64Go
91,Apple,iPhone 6 Plus,0,0,0,0,https://goodbuytech-fr.twigcard.com/devices/Apple-iPhone 6 Plus-128Go-6993,128Go
92,Apple,iPhone 6S,0,0,0,0,https://goodbuytech-fr.twigcard.com/devices/Apple-iPhone 6S-16Go-7013,16Go
93,Apple,iPhone 6S,44,44,27,2,https://goodbuytech-fr.twigcard.com/devices/Apple-iPhone 6S-32Go-7017,32Go
94,Apple,iPhone 6S,0,0,0,0,https://goodbuytech-fr.twigcard.com/devices/Apple-iPhone 6S-64Go-7021,64Go
95,Apple,iPhone 6S,0,0,0,0,https://goodbuytech-fr.twigcard.com/devices/Apple-iPhone 6S-128Go-7025,128Go
96,Apple,iPhone 6S Plus,0,0,0,0,https://goodbuytech-fr.twigcard.com/devices/Apple-iPhone 6S Plus-16Go-7045,16Go
97,Apple,iPhone 6S Plus,0,0,0,0,https://goodbuytech-fr.twigcard.com/devices/Apple-iPhone 6S Plus-32Go-7049,32Go
98,Apple,iPhone 6S Plus,0,0,0,0,https://goodbuytech-fr.twigcard.com/devices/Apple-iPhone 6S Plus-64Go-7053,64Go
99,Apple,iPhone 6S Plus,0,0,0,0,https://goodbuytech-fr.twigcard.com/devices/Apple-iPhone 6S Plus-128Go-7057,128Go
100,Apple,iPhone 7,62,62,38,4,https://goodbuytech-fr.twigcard.com/devices/Apple-iPhone 7-32Go-7077,32Go
101,Apple,iPhone 7,74,74,50,4,https://goodbuytech-fr.twigcard.com/devices/Apple-iPhone 7-128Go-7081,128Go
102,Apple,iPhone 7,74,74,50,4,https://goodbuytech-fr.twigcard.com/devices/Apple-iPhone 7-256Go-7085,256Go
103,Apple,iPhone 7 Plus,94,94,58,4,https://goodbuytech-fr.twigcard.com/devices/Apple-iPhone 7 Plus-32Go-7101,32Go
104,Apple,iPhone 7 Plus,105,105,64,4,https://goodbuytech-fr.twigcard.com/devices/Apple-iPhone 7 Plus-128Go-7105,128Go
105,Apple,iPhone 7 Plus,105,105,64,4,https://goodbuytech-fr.twigcard.com/devices/Apple-iPhone 7 Plus-256Go-7109,256Go
106,Apple,iPhone 8,110,110,75,11,https://goodbuytech-fr.twigcard.com/devices/Apple-iPhone 8-64Go-7125,64Go
107,Apple,iPhone 8,110,110,75,11,https://goodbuytech-fr.twigcard.com/devices/Apple-iPhone 8-128Go-7129,128Go
108,Apple,iPhone 8,136,136,95,11,https://goodbuytech-fr.twigcard.com/devices/Apple-iPhone 8-256Go-7133,256Go
109,Apple,iPhone 8 Plus,150,150,109,16,https://goodbuytech-fr.twigcard.com/devices/Apple-iPhone 8 Plus-64Go-7149,64Go
110,Apple,iPhone 8 Plus,150,150,109,16,https://goodbuytech-fr.twigcard.com/devices/Apple-iPhone 8 Plus-128Go-7153,128Go
111,Apple,iPhone 8 Plus,168,168,126,16,https://goodbuytech-fr.twigcard.com/devices/Apple-iPhone 8 Plus-256Go-7157,256Go
112,Apple,iPhone SE,0,0,0,0,https://goodbuytech-fr.twigcard.com/devices/Apple-iPhone SE-16Go-7173,16Go
113,Apple,iPhone SE,0,0,0,0,https://goodbuytech-fr.twigcard.com/devices/Apple-iPhone SE-32Go-7177,32Go
114,Apple,iPhone SE,0,0,0,0,https://goodbuytech-fr.twigcard.com/devices/Apple-iPhone SE-64Go-7181,64Go
115,Apple,iPhone SE,0,0,0,0,https://goodbuytech-fr.twigcard.com/devices/Apple-iPhone SE-128Go-7185,128Go
116,Apple,iPhone SE (2020),117,117,70,16,https://goodbuytech-fr.twigcard.com/devices/Apple-iPhone SE (2020)-64Go-7205,64Go
117,Apple,iPhone SE (2020),141,141,94,16,https://goodbuytech-fr.twigcard.com/devices/Apple-iPhone SE (2020)-128Go-7209,128Go
118,Apple,iPhone SE (2020),141,141,94,16,https://goodbuytech-fr.twigcard.com/devices/Apple-iPhone SE (2020)-256Go-7213,256Go
119,Apple,iPhone X,182,182,129,23,https://goodbuytech-fr.twigcard.com/devices/Apple-iPhone X-64Go-7217,64Go
120,Apple,iPhone X,217,217,158,23,https://goodbuytech-fr.twigcard.com/devices/Apple-iPhone X-256Go-7221,256Go
121,Apple,iPhone XR,188,188,135,23,https://goodbuytech-fr.twigcard.com/devices/Apple-iPhone XR-64Go-7233,64Go
122,Apple,iPhone XR,217,217,158,23,https://goodbuytech-fr.twigcard.com/devices/Apple-iPhone XR-128Go-7237,128Go
123,Apple,iPhone XR,217,217,158,23,https://goodbuytech-fr.twigcard.com/devices/Apple-iPhone XR-256Go-7241,256Go
124,Apple,iPhone XS,179,179,121,35,https://goodbuytech-fr.twigcard.com/devices/Apple-iPhone XS-64Go-7257,64Go
125,Apple,iPhone XS,199,199,141,35,https://goodbuytech-fr.twigcard.com/devices/Apple-iPhone XS-256Go-7261,256Go
126,Apple,iPhone XS,223,223,164,35,https://goodbuytech-fr.twigcard.com/devices/Apple-iPhone XS-512Go-7265,512Go
127,Apple,iPhone XS Max,223,223,152,35,https://goodbuytech-fr.twigcard.com/devices/Apple-iPhone XS Max-64Go-7281,64Go
128,Apple,iPhone XS Max,246,246,176,35,https://goodbuytech-fr.twigcard.com/devices/Apple-iPhone XS Max-256Go-7285,256Go
129,Apple,iPhone XS Max,246,246,176,35,https://goodbuytech-fr.twigcard.com/devices/Apple-iPhone XS Max-512Go-7289,512Go
130,Google,Pixel 4,0,0,0,0,https://goodbuytech-fr.twigcard.com/devices/Google-Pixel 4-64Go-7305,64Go
131,Google,Pixel 4,0,0,0,0,https://goodbuytech-fr.twigcard.com/devices/Google-Pixel 4-128Go-7309,128Go
132,Google,Pixel 4 XL,0,0,0,0,https://goodbuytech-fr.twigcard.com/devices/Google-Pixel 4 XL-64Go-7321,64Go
133,Google,Pixel 4 XL,0,0,0,0,https://goodbuytech-fr.twigcard.com/devices/Google-Pixel 4 XL-128Go-7325,128Go
134,Google,Pixel 4 XL,0,0,0,0,https://goodbuytech-fr.twigcard.com/devices/Google-Pixel 4 XL-64Go-7337,64Go
135,Google,Pixel 4 XL,0,0,0,0,https://goodbuytech-fr.twigcard.com/devices/Google-Pixel 4 XL-128Go-7341,128Go
136,Google,Pixel 5,211,211,158,23,https://goodbuytech-fr.twigcard.com/devices/Google-Pixel 5-128Go-7353,128Go
137,Huawei,Mate 20,0,0,0,0,https://goodbuytech-fr.twigcard.com/devices/Huawei-Mate 20-128Go-7361,128Go
138,Huawei,Mate 20 Lite,0,0,0,0,https://goodbuytech-fr.twigcard.com/devices/Huawei-Mate 20 Lite-64Go-7369,64Go
139,Huawei,Mate 20 Pro,0,0,0,0,https://goodbuytech-fr.twigcard.com/devices/Huawei-Mate 20 Pro-128Go-7377,128Go
140,Huawei,Mate 20 Pro,0,0,0,0,https://goodbuytech-fr.twigcard.com/devices/Huawei-Mate 20 Pro-256Go-7381,256Go
141,Huawei,Mate 20 X,0,0,0,0,https://goodbuytech-fr.twigcard.com/devices/Huawei-Mate 20 X-128Go-7393,128Go
142,Huawei,Mate 30 Pro,0,0,0,0,https://goodbuytech-fr.twigcard.com/devices/Huawei-Mate 30 Pro-256Go-7401,256Go
143,Huawei,Mate XS 5G,0,0,0,0,https://goodbuytech-fr.twigcard.com/devices/Huawei-Mate XS 5G-512Go-7409,512Go
144,Huawei,P20,0,0,0,0,https://goodbuytech-fr.twigcard.com/devices/Huawei-P20-64Go-7417,64Go
145,Huawei,P20,0,0,0,0,https://goodbuytech-fr.twigcard.com/devices/Huawei-P20-128Go-7421,128Go
146,Huawei,P20 Lite,0,0,0,0,https://goodbuytech-fr.twigcard.com/devices/Huawei-P20 Lite-32Go-7433,32Go
147,Huawei,P20 Lite,0,0,0,0,https://goodbuytech-fr.twigcard.com/devices/Huawei-P20 Lite-64Go-7437,64Go
148,Huawei,P20 Pro,41,41,23,4,https://goodbuytech-fr.twigcard.com/devices/Huawei-P20 Pro-64Go-7449,64Go
149,Huawei,P20 Pro,41,41,23,4,https://goodbuytech-fr.twigcard.com/devices/Huawei-P20 Pro-128Go-7453,128Go
150,Huawei,P20 Pro,41,41,23,4,https://goodbuytech-fr.twigcard.com/devices/Huawei-P20 Pro-256Go-7457,256Go
151,Huawei,P30,82,82,47,2,https://goodbuytech-fr.twigcard.com/devices/Huawei-P30-128Go-7473,128Go
152,Huawei,P30 Lite,0,0,0,0,https://goodbuytech-fr.twigcard.com/devices/Huawei-P30 Lite-128Go-7481,128Go
153,Huawei,P30 Lite,0,0,0,0,https://goodbuytech-fr.twigcard.com/devices/Huawei-P30 Lite-256Go-7485,256Go
154,Huawei,P30 Pro,170,170,123,4,https://goodbuytech-fr.twigcard.com/devices/Huawei-P30 Pro-128Go-7497,128Go
155,Huawei,P30 Pro,170,170,123,4,https://goodbuytech-fr.twigcard.com/devices/Huawei-P30 Pro-256Go-7501,256Go
156,Huawei,P30 Pro,170,170,123,4,https://goodbuytech-fr.twigcard.com/devices/Huawei-P30 Pro-512Go-7505,512Go
157,Huawei,P40 5G,0,0,0,0,https://goodbuytech-fr.twigcard.com/devices/Huawei-P40 5G-128Go-7521,128Go
158,Huawei,P40 Lite,0,0,0,0,https://goodbuytech-fr.twigcard.com/devices/Huawei-P40 Lite-128Go-7529,128Go
159,Huawei,P40 Pro 5G,0,0,0,0,https://goodbuytech-fr.twigcard.com/devices/Huawei-P40 Pro 5G-256Go-7537,256Go
160,OnePlus,7,0,0,0,0,https://goodbuytech-fr.twigcard.com/devices/OnePlus-7-128Go-7545,128Go
161,OnePlus,7,0,0,0,0,https://goodbuytech-fr.twigcard.com/devices/OnePlus-7-256Go-7549,256Go
162,OnePlus,7 Pro,76,76,52,2,https://goodbuytech-fr.twigcard.com/devices/OnePlus-7 Pro-128Go-7561,128Go
163,OnePlus,7 Pro,82,82,58,2,https://goodbuytech-fr.twigcard.com/devices/OnePlus-7 Pro-256Go-7565,256Go
164,OnePlus,7T,0,0,0,0,https://goodbuytech-fr.twigcard.com/devices/OnePlus-7T-128Go-7577,128Go
165,OnePlus,7T,0,0,0,0,https://goodbuytech-fr.twigcard.com/devices/OnePlus-7T-256Go-7581,256Go
166,OnePlus,7T Pro,76,76,52,2,https://goodbuytech-fr.twigcard.com/devices/OnePlus-7T Pro-256Go-7593,256Go
167,OnePlus,8 5G,99,99,64,2,https://goodbuytech-fr.twigcard.com/devices/OnePlus-8 5G-128Go-7601,128Go
168,OnePlus,8 5G,99,99,64,2,https://goodbuytech-fr.twigcard.com/devices/OnePlus-8 5G-256Go-7605,256Go
169,OnePlus,8T,0,0,0,0,https://goodbuytech-fr.twigcard.com/devices/OnePlus-8T-128Go-7617,128Go
170,OnePlus,8T,0,0,0,0,https://goodbuytech-fr.twigcard.com/devices/OnePlus-8T-256Go-7621,256Go
171,OnePlus,9 5G,0,0,0,0,https://goodbuytech-fr.twigcard.com/devices/OnePlus-9 5G-128Go-7633,128Go
172,Oppo,Nord,41,41,23,2,https://goodbuytech-fr.twigcard.com/devices/Oppo-Nord-128Go-7641,128Go
173,Oppo,Nord,41,41,23,2,https://goodbuytech-fr.twigcard.com/devices/Oppo-Nord-256Go-7645,256Go
174,Oppo,Find X2 Pro,0,0,0,0,https://goodbuytech-fr.twigcard.com/devices/Oppo-Find X2 Pro-512Go-7657,512Go
175,Oppo,Find X2 Lite,0,0,0,0,https://goodbuytech-fr.twigcard.com/devices/Oppo-Find X2 Lite-128Go-7665,128Go
176,Oppo,Find X3 Lite 5G,0,0,0,0,https://goodbuytech-fr.twigcard.com/devices/Oppo-Find X3 Lite 5G-128Go-7673,128Go
177,Oppo,Find X3 Neo 5G,141,141,82,18,https://goodbuytech-fr.twigcard.com/devices/Oppo-Find X3 Neo 5G-256Go-7681,256Go
178,Oppo,Find X3 Pro 5g,235,235,141,23,https://goodbuytech-fr.twigcard.com/devices/Oppo-Find X3 Pro 5g-256Go-7689,256Go
179,Samsung,A90 5G,0,0,0,0,https://goodbuytech-fr.twigcard.com/devices/Samsung-A90 5G-128Go-7697,128Go
180,Samsung,Galaxy Fold,0,0,0,0,https://goodbuytech-fr.twigcard.com/devices/Samsung-Galaxy Fold-512Go-7705,512Go
181,Samsung,Galaxy Z Fold3 5G,581,581,405,72,https://goodbuytech-fr.twigcard.com/devices/Samsung-Galaxy Z Fold3 5G-256Go-7713,256Go
182,Samsung,Galaxy Z Fold3 5G,581,581,405,72,https://goodbuytech-fr.twigcard.com/devices/Samsung-Galaxy Z Fold3 5G-512Go-7717,512Go
183,Samsung,Note 10,235,235,158,23,https://goodbuytech-fr.twigcard.com/devices/Samsung-Note 10-256Go-7729,256Go
184,Samsung,Note 10 Lite,123,123,70,16,https://goodbuytech-fr.twigcard.com/devices/Samsung-Note 10 Lite-128Go-7737,128Go
185,Samsung,Note 10 Plus,205,205,111,23,https://goodbuytech-fr.twigcard.com/devices/Samsung-Note 10 Plus-256Go-7745,256Go
186,Samsung,Note 10 Plus,205,205,111,23,https://goodbuytech-fr.twigcard.com/devices/Samsung-Note 10 Plus-512Go-7749,512Go
187,Samsung,Note 10 Plus 5G,229,229,135,23,https://goodbuytech-fr.twigcard.com/devices/Samsung-Note 10 Plus 5G-256Go-7761,256Go
188,Samsung,Note 10 Plus 5G,229,229,135,23,https://goodbuytech-fr.twigcard.com/devices/Samsung-Note 10 Plus 5G-512Go-7765,512Go
189,Samsung,Note 20,276,276,158,35,https://goodbuytech-fr.twigcard.com/devices/Samsung-Note 20-256Go-7777,256Go
190,Samsung,Note 20 5G,264,264,158,35,https://goodbuytech-fr.twigcard.com/devices/Samsung-Note 20 5G-256Go-7785,256Go
191,Samsung,Note 20 Ultra 5G,340,340,223,35,https://goodbuytech-fr.twigcard.com/devices/Samsung-Note 20 Ultra 5G-256Go-7793,256Go
192,Samsung,Note 20 Ultra 5G,340,340,223,35,https://goodbuytech-fr.twigcard.com/devices/Samsung-Note 20 Ultra 5G-512Go-7797,512Go
193,Samsung,Note 8,0,0,0,0,https://goodbuytech-fr.twigcard.com/devices/Samsung-Note 8-64Go-7809,64Go
194,Samsung,Note 8,0,0,0,0,https://goodbuytech-fr.twigcard.com/devices/Samsung-Note 8-128Go-7813,128Go
195,Samsung,Note 8,0,0,0,0,https://goodbuytech-fr.twigcard.com/devices/Samsung-Note 8-256Go-7817,256Go
196,Samsung,Note 9,129,129,82,11,https://goodbuytech-fr.twigcard.com/devices/Samsung-Note 9-128Go-7833,128Go
197,Samsung,Note 9,129,129,82,11,https://goodbuytech-fr.twigcard.com/devices/Samsung-Note 9-512Go-7837,512Go
198,Samsung,S10,146,146,99,14,https://goodbuytech-fr.twigcard.com/devices/Samsung-S10-128Go-7849,128Go
199,Samsung,S10,146,146,99,14,https://goodbuytech-fr.twigcard.com/devices/Samsung-S10-512Go-7853,512Go
200,Samsung,S10 5G,146,146,99,14,https://goodbuytech-fr.twigcard.com/devices/Samsung-S10 5G-256Go-7865,256Go
201,Samsung,S10 5G,146,146,99,14,https://goodbuytech-fr.twigcard.com/devices/Samsung-S10 5G-512Go-7869,512Go
202,Samsung,S10 Lite,0,0,0,0,https://goodbuytech-fr.twigcard.com/devices/Samsung-S10 Lite-128Go-7881,128Go
203,Samsung,S10 Plus,193,193,135,14,https://goodbuytech-fr.twigcard.com/devices/Samsung-S10 Plus-128Go-7889,128Go
204,Samsung,S10 Plus,193,193,135,14,https://goodbuytech-fr.twigcard.com/devices/Samsung-S10 Plus-512Go-7893,512Go
205,Samsung,S10 Plus,193,193,135,14,https://goodbuytech-fr.twigcard.com/devices/Samsung-S10 Plus-1To-7897,1To
206,Samsung,S10e,0,0,0,0,https://goodbuytech-fr.twigcard.com/devices/Samsung-S10e-128Go-7913,128Go
207,Samsung,S10e,0,0,0,0,https://goodbuytech-fr.twigcard.com/devices/Samsung-S10e-256Go-7917,256Go
208,Samsung,S20,182,182,105,35,https://goodbuytech-fr.twigcard.com/devices/Samsung-S20-128Go-7929,128Go
209,Samsung,S20 5G,211,211,123,35,https://goodbuytech-fr.twigcard.com/devices/Samsung-S20 5G-128Go-7937,128Go
210,Samsung,S20 Plus,0,0,0,0,https://goodbuytech-fr.twigcard.com/devices/Samsung-S20 Plus-128Go-7945,128Go
211,Samsung,S20 Plus 5G,223,223,135,35,https://goodbuytech-fr.twigcard.com/devices/Samsung-S20 Plus 5G-128Go-7953,128Go
212,Samsung,S20 Ultra 5G,287,287,170,47,https://goodbuytech-fr.twigcard.com/devices/Samsung-S20 Ultra 5G-128Go-7961,128Go
213,Samsung,S20 Ultra 5G,287,287,170,47,https://goodbuytech-fr.twigcard.com/devices/Samsung-S20 Ultra 5G-512Go-7965,512Go
214,Samsung,S20 FE,141,141,82,23,https://goodbuytech-fr.twigcard.com/devices/Samsung-S20 FE-128Go-7977,128Go
215,Samsung,S20 FE 5G,164,164,88,28,https://goodbuytech-fr.twigcard.com/devices/Samsung-S20 FE 5G-128Go-7985,128Go
216,Samsung,S20 FE 5G,164,164,88,28,https://goodbuytech-fr.twigcard.com/devices/Samsung-S20 FE 5G-256Go-7989,256Go
217,Samsung,S21 5G,376,376,258,47,https://goodbuytech-fr.twigcard.com/devices/Samsung-S21 5G-128Go-8001,128Go
218,Samsung,S21 5G,376,376,258,47,https://goodbuytech-fr.twigcard.com/devices/Samsung-S21 5G-256Go-8005,256Go
219,Samsung,S21 Plus 5G,423,423,305,47,https://goodbuytech-fr.twigcard.com/devices/Samsung-S21 Plus 5G-128Go-8017,128Go
220,Samsung,S21 Plus 5G,423,423,305,47,https://goodbuytech-fr.twigcard.com/devices/Samsung-S21 Plus 5G-256Go-8021,256Go
221,Samsung,S21 Ultra 5G,505,505,364,58,https://goodbuytech-fr.twigcard.com/devices/Samsung-S21 Ultra 5G-128Go-8033,128Go
222,Samsung,S21 Ultra 5G,505,505,364,58,https://goodbuytech-fr.twigcard.com/devices/Samsung-S21 Ultra 5G-256Go-8037,256Go
223,Samsung,S21 Ultra 5G,505,505,364,58,https://goodbuytech-fr.twigcard.com/devices/Samsung-S21 Ultra 5G-512Go-8041,512Go
224,Samsung,S22 5G,440,440,323,58,https://goodbuytech-fr.twigcard.com/devices/Samsung-S22 5G-128Go-8057,128Go
225,Samsung,S22 5G,440,440,323,58,https://goodbuytech-fr.twigcard.com/devices/Samsung-S22 5G-256Go-8061,256Go
226,Samsung,S22 Plus 5G,493,493,376,58,https://goodbuytech-fr.twigcard.com/devices/Samsung-S22 Plus 5G-128Go-8073,128Go
227,Samsung,S22 Plus 5G,493,493,376,58,https://goodbuytech-fr.twigcard.com/devices/Samsung-S22 Plus 5G-256Go-8077,256Go
228,Samsung,S22 Ultra 5G,622,622,481,82,https://goodbuytech-fr.twigcard.com/devices/Samsung-S22 Ultra 5G-128Go-8089,128Go
229,Samsung,S22 Ultra 5G,622,622,481,82,https://goodbuytech-fr.twigcard.com/devices/Samsung-S22 Ultra 5G-256Go-8093,256Go
230,Samsung,S22 Ultra 5G,622,622,481,82,https://goodbuytech-fr.twigcard.com/devices/Samsung-S22 Ultra 5G-512Go-8097,512Go
231,Samsung,S22 Ultra 5G,622,622,481,82,https://goodbuytech-fr.twigcard.com/devices/Samsung-S22 Ultra 5G-1To-8101,1To
232,Samsung,S7,0,0,0,0,https://goodbuytech-fr.twigcard.com/devices/Samsung-S7-32Go-8121,32Go
233,Samsung,S7,0,0,0,0,https://goodbuytech-fr.twigcard.com/devices/Samsung-S7-64Go-8125,64Go
234,Samsung,S7 Edge,0,0,0,0,https://goodbuytech-fr.twigcard.com/devices/Samsung-S7 Edge-32Go-8137,32Go
235,Samsung,S7 Edge,0,0,0,0,https://goodbuytech-fr.twigcard.com/devices/Samsung-S7 Edge-64Go-8141,64Go
236,Samsung,S7 Edge,0,0,0,0,https://goodbuytech-fr.twigcard.com/devices/Samsung-S7 Edge-128Go-8145,128Go
237,Samsung,S8,88,88,58,4,https://goodbuytech-fr.twigcard.com/devices/Samsung-S8-64Go-8161,64Go
238,Samsung,S8 Plus,0,0,0,0,https://goodbuytech-fr.twigcard.com/devices/Samsung-S8 Plus-64Go-8169,64Go
239,Samsung,S8 Plus,0,0,0,0,https://goodbuytech-fr.twigcard.com/devices/Samsung-S8 Plus-128Go-8173,128Go
240,Samsung,S9,88,88,52,4,https://goodbuytech-fr.twigcard.com/devices/Samsung-S9-64Go-8185,64Go
241,Samsung,S9,88,88,52,4,https://goodbuytech-fr.twigcard.com/devices/Samsung-S9-128Go-8189,128Go
242,Samsung,S9,88,88,52,4,https://goodbuytech-fr.twigcard.com/devices/Samsung-S9-256Go-8193,256Go
243,Samsung,S9 Plus,0,0,0,0,https://goodbuytech-fr.twigcard.com/devices/Samsung-S9 Plus-64Go-8209,64Go
244,Samsung,S9 Plus,129,129,88,4,https://goodbuytech-fr.twigcard.com/devices/Samsung-S9 Plus-128Go-8213,128Go
245,Samsung,S9 Plus,129,129,88,4,https://goodbuytech-fr.twigcard.com/devices/Samsung-S9 Plus-256Go-8217,256Go
246,Samsung,S9 Plus,0,0,0,0,https://goodbuytech-fr.twigcard.com/devices/Samsung-S9 Plus-64Go-8233,64Go
247,Samsung,S9 Plus,129,129,88,4,https://goodbuytech-fr.twigcard.com/devices/Samsung-S9 Plus-128Go-8237,128Go
248,Samsung,S9 Plus,129,129,88,4,https://goodbuytech-fr.twigcard.com/devices/Samsung-S9 Plus-256Go-8241,256Go
249,Samsung,Z Flip,0,0,0,0,https://goodbuytech-fr.twigcard.com/devices/Samsung-Z Flip-256Go-8257,256Go
250,Samsung,Z Flip3 5G,311,311,193,35,https://goodbuytech-fr.twigcard.com/devices/Samsung-Z Flip3 5G-128Go-8265,128Go
251,Samsung,Z Flip3 5G,311,311,193,35,https://goodbuytech-fr.twigcard.com/devices/Samsung-Z Flip3 5G-256Go-8269,256Go
252,Sony,Xperia 1 II,99,99,58,9,https://goodbuytech-fr.twigcard.com/devices/Sony-Xperia 1 II-256Go-8281,256Go
253,Sony,Xperia 1 III,176,176,105,18,https://goodbuytech-fr.twigcard.com/devices/Sony-Xperia 1 III-256Go-8289,256Go
254,Sony,Xperia 5 III,0,0,0,0,https://goodbuytech-fr.twigcard.com/devices/Sony-Xperia 5 III-128Go-8297,128Go
255,Sony,Xperia 10 III,0,0,0,0,https://goodbuytech-fr.twigcard.com/devices/Sony-Xperia 10 III-128Go-8305,128Go
256,Xiaomi,Mi 11 Lite 5G,52,52,29,4,https://goodbuytech-fr.twigcard.com/devices/Xiaomi-Mi 11 Lite 5G-128Go-8313,128Go
257,Xiaomi,Mi 11 5G,117,117,70,9,https://goodbuytech-fr.twigcard.com/devices/Xiaomi-Mi 11 5G-128Go-8321,128Go
258,Xiaomi,Mi 11 5G,117,117,70,9,https://goodbuytech-fr.twigcard.com/devices/Xiaomi-Mi 11 5G-256Go-8325,256Go
259,Xiaomi,Mi 11 Ultra 5G,276,276,158,28,https://goodbuytech-fr.twigcard.com/devices/Xiaomi-Mi 11 Ultra 5G-256Go-8337,256Go
260,Apple,iPhone 11,276,276,193,47,https://goodbuytech-fr.twigcard.com/devices/Apple-iPhone 11-64Go-8345,64Go
261,Apple,iPhone 11,331,331,237,47,https://goodbuytech-fr.twigcard.com/devices/Apple-iPhone 11-128Go-8349,128Go
262,Apple,iPhone 11,331,331,237,47,https://goodbuytech-fr.twigcard.com/devices/Apple-iPhone 11-256Go-8353,256Go
